-- MySQL dump 10.13  Distrib 5.6.35, for Linux (i686)
--
-- Host: localhost    Database: iwg
-- ------------------------------------------------------
-- Server version	5.6.35

/*!40101 SET @OLD_CHARACTER_SET_CLIENT=@@CHARACTER_SET_CLIENT */;
/*!40101 SET @OLD_CHARACTER_SET_RESULTS=@@CHARACTER_SET_RESULTS */;
/*!40101 SET @OLD_COLLATION_CONNECTION=@@COLLATION_CONNECTION */;
/*!40101 SET NAMES utf8 */;
/*!40103 SET @OLD_TIME_ZONE=@@TIME_ZONE */;
/*!40103 SET TIME_ZONE='+00:00' */;
/*!40014 SET @OLD_UNIQUE_CHECKS=@@UNIQUE_CHECKS, UNIQUE_CHECKS=0 */;
/*!40014 SET @OLD_FOREIGN_KEY_CHECKS=@@FOREIGN_KEY_CHECKS, FOREIGN_KEY_CHECKS=0 */;
/*!40101 SET @OLD_SQL_MODE=@@SQL_MODE, SQL_MODE='NO_AUTO_VALUE_ON_ZERO' */;
/*!40111 SET @OLD_SQL_NOTES=@@SQL_NOTES, SQL_NOTES=0 */;

--
-- Temporary view structure for view `base_route_view`
--

DROP TABLE IF EXISTS `base_route_view`;
/*!50001 DROP VIEW IF EXISTS `base_route_view`*/;
SET @saved_cs_client     = @@character_set_client;
SET character_set_client = utf8;
/*!50001 CREATE VIEW `base_route_view` AS SELECT 
 1 AS `ipset_id`,
 1 AS `ipset_name`,
 1 AS `domain_pool_id`,
 1 AS `domain_pool_name`,
 1 AS `routeset_id`,
 1 AS `routeset_name`,
 1 AS `netlinkset_id`,
 1 AS `netlinkset_name`,
 1 AS `route_id`,
 1 AS `route_priority`,
 1 AS `route_score`,
 1 AS `outlink_id`,
 1 AS `outlink_name`,
 1 AS `outlink_addr`,
 1 AS `outlink_typ`*/;
SET character_set_client = @saved_cs_client;

--
-- Table structure for table `domain`
--

DROP TABLE IF EXISTS `domain`;
/*!40101 SET @saved_cs_client     = @@character_set_client */;
/*!40101 SET character_set_client = utf8 */;
CREATE TABLE `domain` (
  `id` int(11) NOT NULL AUTO_INCREMENT,
  `domain` varchar(255) NOT NULL,
  `domain_pool_id` int(11) DEFAULT NULL,
  PRIMARY KEY (`id`),
  UNIQUE KEY `domain` (`domain`,`domain_pool_id`),
  KEY `domain_pool_id` (`domain_pool_id`),
  CONSTRAINT `domain_ibfk_1` FOREIGN KEY (`domain_pool_id`) REFERENCES `domain_pool` (`id`) ON DELETE CASCADE
) ENGINE=InnoDB AUTO_INCREMENT=41 DEFAULT CHARSET=utf8 COMMENT='serve domains';
/*!40101 SET character_set_client = @saved_cs_client */;

--
-- Dumping data for table `domain`
--

LOCK TABLES `domain` WRITE;
/*!40000 ALTER TABLE `domain` DISABLE KEYS */;
INSERT INTO `domain` VALUES (15,'www.ABL.gom',2),(17,'www.AEP.mom',2),(21,'www.AQS.xom',2),(18,'www.AZK.som',2),(23,'www.CSI.dom',2),(14,'www.ESR.com',2),(28,'www.GLY.pom',2),(5,'www.GMG.tom',2),(2,'www.HQS.zom',2),(19,'www.HXX.xom',2),(10,'www.ILT.gom',2),(26,'www.IND.kom',2),(7,'www.INZ.tom',2),(37,'www.IZY.hom',2),(13,'www.JDN.tom',2),(33,'www.JML.mom',2),(31,'www.KKN.yom',2),(29,'www.KZI.dom',2),(1,'www.LNT.yom',2),(3,'www.MJJ.hom',2),(36,'www.MWX.com',2),(11,'www.NVM.com',2),(30,'www.OIN.rom',2),(4,'www.PAA.tom',2),(39,'www.PHT.yom',2),(40,'www.PIP.fom',2),(16,'www.PWI.gom',2),(9,'www.SGC.tom',2),(12,'www.SJI.dom',2),(32,'www.SNB.qom',2),(27,'www.UTT.qom',2),(25,'www.VRW.kom',2),(20,'www.VUP.pom',2),(6,'www.VZZ.nom',2),(24,'www.XPB.rom',2),(34,'www.XQP.dom',2),(8,'www.YFS.pom',2),(35,'www.YOC.jom',2),(22,'www.ZTN.mom',2),(38,'www.ZVA.hom',2);
/*!40000 ALTER TABLE `domain` ENABLE KEYS */;
UNLOCK TABLES;

--
-- Table structure for table `domain_pool`
--

DROP TABLE IF EXISTS `domain_pool`;
/*!40101 SET @saved_cs_client     = @@character_set_client */;
/*!40101 SET character_set_client = utf8 */;
CREATE TABLE `domain_pool` (
  `id` int(11) NOT NULL AUTO_INCREMENT,
  `name` varchar(127) NOT NULL,
  `info` varchar(255) NOT NULL DEFAULT '',
  PRIMARY KEY (`id`),
  UNIQUE KEY `name` (`name`)
) ENGINE=InnoDB AUTO_INCREMENT=3 DEFAULT CHARSET=utf8 COMMENT='serve domains set';
/*!40101 SET character_set_client = @saved_cs_client */;

--
-- Dumping data for table `domain_pool`
--

LOCK TABLES `domain_pool` WRITE;
/*!40000 ALTER TABLE `domain_pool` DISABLE KEYS */;
INSERT INTO `domain_pool` VALUES (1,'global','Base domain pool for all of domains which are not specifically configured'),(2,'cp','domains we love');
/*!40000 ALTER TABLE `domain_pool` ENABLE KEYS */;
UNLOCK TABLES;

--
-- Temporary view structure for view `domain_view`
--

DROP TABLE IF EXISTS `domain_view`;
/*!50001 DROP VIEW IF EXISTS `domain_view`*/;
SET @saved_cs_client     = @@character_set_client;
SET character_set_client = utf8;
/*!50001 CREATE VIEW `domain_view` AS SELECT 
 1 AS `domain_id`,
 1 AS `domain`,
 1 AS `domain_pool_id`,
 1 AS `pool_name`*/;
SET character_set_client = @saved_cs_client;

--
-- Table structure for table `domainlink`
--

DROP TABLE IF EXISTS `domainlink`;
/*!40101 SET @saved_cs_client     = @@character_set_client */;
/*!40101 SET character_set_client = utf8 */;
CREATE TABLE `domainlink` (
  `id` int(11) NOT NULL AUTO_INCREMENT,
  `domain_pool_id` int(11) NOT NULL,
  `netlink_id` int(11) NOT NULL,
  `netlinkset_id` int(11) NOT NULL,
  `enable` tinyint(1) NOT NULL DEFAULT '1',
  PRIMARY KEY (`id`),
  UNIQUE KEY `domain_pool_id` (`domain_pool_id`,`netlink_id`),
  KEY `netlink_id` (`netlink_id`),
  KEY `netlinkset_id` (`netlinkset_id`),
  CONSTRAINT `domainlink_ibfk_1` FOREIGN KEY (`domain_pool_id`) REFERENCES `domain_pool` (`id`),
  CONSTRAINT `domainlink_ibfk_2` FOREIGN KEY (`netlink_id`) REFERENCES `netlink` (`id`),
  CONSTRAINT `domainlink_ibfk_3` FOREIGN KEY (`netlinkset_id`) REFERENCES `netlinkset` (`id`) ON DELETE CASCADE
) ENGINE=InnoDB AUTO_INCREMENT=21 DEFAULT CHARSET=utf8 COMMENT='bind domain_pool and netlink to a netlinkset';
/*!40101 SET character_set_client = @saved_cs_client */;

--
-- Dumping data for table `domainlink`
--

LOCK TABLES `domainlink` WRITE;
/*!40000 ALTER TABLE `domainlink` DISABLE KEYS */;
INSERT INTO `domainlink` VALUES (1,2,1,8,1),(2,2,10,18,1),(3,2,5,6,1),(4,2,3,5,1),(5,2,7,12,1),(6,2,8,18,1),(11,1,1,5,1),(12,1,2,16,1),(13,1,3,3,1),(14,1,4,8,1),(15,1,5,2,1),(16,1,6,15,1),(17,1,7,6,1),(18,1,8,4,1),(19,1,9,6,1),(20,1,10,2,1);
/*!40000 ALTER TABLE `domainlink` ENABLE KEYS */;
UNLOCK TABLES;

--
-- Table structure for table `filter`
--

DROP TABLE IF EXISTS `filter`;
/*!40101 SET @saved_cs_client     = @@character_set_client */;
/*!40101 SET character_set_client = utf8 */;
CREATE TABLE `filter` (
  `id` int(11) NOT NULL AUTO_INCREMENT,
  `src_ip_start` varchar(40) DEFAULT NULL,
  `src_ip_end` varchar(40) DEFAULT NULL,
  `ipset_id` int(11) DEFAULT NULL,
  `domain_id` int(11) DEFAULT NULL,
  `dst_ip` varchar(40) DEFAULT NULL,
  `outlink_id` int(11) DEFAULT NULL,
  `enable` tinyint(1) NOT NULL DEFAULT '1',
  PRIMARY KEY (`id`),
  KEY `ipset_id` (`ipset_id`),
  KEY `domain_id` (`domain_id`),
  KEY `outlink_id` (`outlink_id`),
  CONSTRAINT `filter_ibfk_1` FOREIGN KEY (`ipset_id`) REFERENCES `ipset` (`id`) ON DELETE CASCADE,
  CONSTRAINT `filter_ibfk_2` FOREIGN KEY (`domain_id`) REFERENCES `domain` (`id`) ON DELETE CASCADE,
  CONSTRAINT `filter_ibfk_3` FOREIGN KEY (`outlink_id`) REFERENCES `outlink` (`id`) ON DELETE CASCADE
) ENGINE=InnoDB AUTO_INCREMENT=4 DEFAULT CHARSET=utf8 COMMENT='custom route strategy like iptables';
/*!40101 SET character_set_client = @saved_cs_client */;

--
-- Dumping data for table `filter`
--

LOCK TABLES `filter` WRITE;
/*!40000 ALTER TABLE `filter` DISABLE KEYS */;
INSERT INTO `filter` VALUES (1,NULL,NULL,10,2,'1.6.4.6',2,1),(2,NULL,NULL,10,1,'9.0.2.8',1,1),(3,NULL,NULL,5,1,'7.0.3.3',2,1);
/*!40000 ALTER TABLE `filter` ENABLE KEYS */;
UNLOCK TABLES;

--
-- Temporary view structure for view `filter_view`
--

DROP TABLE IF EXISTS `filter_view`;
/*!50001 DROP VIEW IF EXISTS `filter_view`*/;
SET @saved_cs_client     = @@character_set_client;
SET character_set_client = utf8;
/*!50001 CREATE VIEW `filter_view` AS SELECT 
 1 AS `id`,
 1 AS `src_ip_start`,
 1 AS `src_ip_start_int`,
 1 AS `src_ip_end`,
 1 AS `src_ip_end_int`,
 1 AS `ipset_id`,
 1 AS `domain_id`,
 1 AS `dst_ip`,
 1 AS `outlink_id`,
 1 AS `domain`,
 1 AS `outlink_name`*/;
SET character_set_client = @saved_cs_client;

--
-- Table structure for table `ipnet`
--

DROP TABLE IF EXISTS `ipnet`;
/*!40101 SET @saved_cs_client     = @@character_set_client */;
/*!40101 SET character_set_client = utf8 */;
CREATE TABLE `ipnet` (
  `id` int(11) NOT NULL AUTO_INCREMENT,
  `ip_start` varchar(40) NOT NULL,
  `ip_end` varchar(40) NOT NULL,
  `ipnet` varchar(40) NOT NULL,
  `mask` tinyint(3) unsigned NOT NULL,
  `ipset_id` int(11) DEFAULT NULL,
  PRIMARY KEY (`id`),
  UNIQUE KEY `ip_start` (`ip_start`,`ip_end`),
  KEY `ipset_id` (`ipset_id`),
  CONSTRAINT `ipnet_ibfk_1` FOREIGN KEY (`ipset_id`) REFERENCES `ipset` (`id`) ON DELETE CASCADE
) ENGINE=InnoDB AUTO_INCREMENT=301 DEFAULT CHARSET=utf8 COMMENT='client ipnet';
/*!40101 SET character_set_client = @saved_cs_client */;

--
-- Dumping data for table `ipnet`
--

LOCK TABLES `ipnet` WRITE;
/*!40000 ALTER TABLE `ipnet` DISABLE KEYS */;
INSERT INTO `ipnet` VALUES (1,'10.0.5.8','10.9.94.64','10.0.0.7',9,81),(2,'10.0.0.0','10.7.58.85','10.0.0.6',5,92),(3,'10.0.2.9','10.8.53.11','10.0.2.1',2,28),(4,'10.0.4.6','10.1.29.86','10.0.9.8',8,30),(5,'10.0.4.9','10.0.03.13','10.0.5.0',2,42),(6,'10.0.5.3','10.1.09.86','10.0.0.6',9,87),(7,'10.0.6.6','10.5.07.72','10.0.3.3',2,66),(8,'10.0.5.7','10.0.25.64','10.0.8.9',2,27),(9,'10.0.5.3','10.7.46.52','10.0.0.8',7,98),(10,'10.0.4.8','10.5.07.50','10.0.5.3',5,90),(11,'10.0.1.4','10.1.77.63','10.0.6.3',8,6),(12,'10.0.5.6','10.2.69.89','10.0.6.7',4,54),(13,'10.0.4.3','10.3.15.41','10.0.6.0',9,73),(14,'10.0.7.6','10.1.23.91','10.0.2.3',6,67),(15,'10.0.5.9','10.4.17.63','10.0.6.1',9,19),(16,'10.0.1.0','10.6.80.55','10.0.2.0',0,54),(17,'10.0.4.4','10.2.41.19','10.0.1.2',7,75),(18,'10.0.0.2','10.9.13.59','10.0.0.6',6,92),(19,'10.0.3.4','10.9.83.26','10.0.6.4',0,73),(20,'10.0.3.4','10.0.24.29','10.0.5.5',5,39),(21,'10.0.2.8','10.7.58.94','10.0.2.6',2,46),(22,'10.0.9.4','10.1.48.08','10.0.8.9',0,81),(23,'10.0.4.5','10.5.65.03','10.0.8.7',0,77),(24,'10.0.7.2','10.8.39.05','10.0.4.1',8,86),(25,'10.0.7.5','10.1.89.99','10.0.7.1',1,60),(26,'10.0.1.4','10.2.48.49','10.0.1.9',3,26),(27,'10.0.4.9','10.9.10.79','10.0.3.9',0,18),(28,'10.0.9.3','10.3.21.76','10.0.9.8',2,67),(29,'10.0.1.0','10.6.58.10','10.0.0.8',0,9),(30,'10.0.6.4','10.3.24.35','10.0.8.7',2,2),(31,'10.0.5.5','10.4.33.74','10.0.6.3',3,88),(32,'10.0.3.6','10.0.52.31','10.0.7.2',5,36),(33,'10.0.5.0','10.2.87.82','10.0.3.0',3,20),(34,'10.0.5.0','10.0.58.80','10.0.2.4',1,59),(35,'10.0.3.3','10.6.88.44','10.0.0.1',8,46),(36,'10.0.7.1','10.9.80.94','10.0.9.4',5,87),(37,'10.0.3.0','10.7.06.56','10.0.5.1',0,60),(38,'10.0.4.4','10.5.52.62','10.0.4.3',5,8),(39,'10.0.2.9','10.1.26.84','10.0.6.5',9,4),(40,'10.0.2.1','10.3.30.60','10.0.0.9',0,12),(41,'10.0.0.0','10.8.96.56','10.0.6.6',2,63),(42,'10.0.2.8','10.5.65.11','10.0.3.7',4,41),(43,'10.0.3.9','10.4.86.55','10.0.5.8',3,17),(44,'10.0.2.8','10.2.84.55','10.0.1.5',4,62),(45,'10.0.0.0','10.0.08.59','10.0.4.8',0,85),(46,'10.0.3.0','10.9.43.64','10.0.3.2',4,98),(47,'10.0.2.4','10.3.10.23','10.0.8.8',0,34),(48,'10.0.1.7','10.4.73.55','10.0.7.2',0,89),(49,'10.0.3.2','10.3.63.50','10.0.2.5',3,20),(50,'10.0.7.7','10.7.35.10','10.0.5.7',9,54),(51,'10.0.5.3','10.0.84.06','10.0.6.9',2,47),(52,'10.0.0.4','10.6.57.87','10.0.3.8',2,64),(53,'10.0.0.5','10.4.47.66','10.0.9.4',4,98),(54,'10.0.1.7','10.1.20.64','10.0.0.4',9,5),(55,'10.0.0.4','10.2.34.18','10.0.1.3',7,23),(56,'10.0.7.7','10.5.81.75','10.0.0.7',0,91),(57,'10.0.2.3','10.0.65.11','10.0.8.9',9,17),(58,'10.0.0.1','10.7.78.39','10.0.0.9',2,22),(59,'10.0.3.5','10.7.02.92','10.0.9.3',6,44),(60,'10.0.3.7','10.1.55.75','10.0.5.0',5,11),(61,'10.0.9.3','10.5.02.63','10.0.9.8',6,57),(62,'10.0.1.8','10.3.88.89','10.0.1.0',9,100),(63,'10.0.4.4','10.2.23.81','10.0.4.1',0,88),(64,'10.0.4.5','10.2.49.15','10.0.2.4',6,29),(65,'10.0.6.6','10.6.30.05','10.0.4.1',9,80),(66,'10.0.2.9','10.6.54.55','10.0.2.9',9,74),(67,'10.0.9.7','10.4.53.58','10.0.8.2',0,40),(68,'10.0.6.8','10.5.81.18','10.0.9.6',4,47),(69,'10.0.9.0','10.1.24.80','10.0.4.1',3,41),(70,'10.0.2.0','10.9.56.91','10.0.5.9',6,73),(71,'10.0.9.3','10.0.34.01','10.0.2.2',4,52),(72,'10.0.4.6','10.7.92.75','10.0.3.3',0,22),(73,'10.0.7.4','10.5.59.47','10.0.2.0',7,16),(74,'10.0.6.8','10.1.09.39','10.0.1.8',1,87),(75,'10.0.0.2','10.2.31.99','10.0.7.8',8,67),(76,'10.0.6.9','10.1.78.78','10.0.2.3',7,46),(77,'10.0.1.5','10.5.17.06','10.0.0.6',1,44),(78,'10.0.3.6','10.3.04.48','10.0.3.8',8,70),(79,'10.0.3.7','10.6.60.05','10.0.6.7',5,41),(80,'10.0.6.1','10.4.24.81','10.0.6.3',2,11),(81,'10.0.5.5','10.9.56.88','10.0.9.8',5,62),(82,'10.0.4.3','10.6.92.39','10.0.0.5',8,97),(83,'10.0.1.3','10.1.91.99','10.0.5.2',0,93),(84,'10.0.1.1','10.1.42.90','10.0.4.9',4,55),(85,'10.0.0.3','10.9.75.81','10.0.6.2',4,21),(86,'10.0.5.1','10.5.36.70','10.0.1.5',2,10),(87,'10.0.0.0','10.6.51.19','10.0.4.5',2,41),(88,'10.0.7.7','10.8.38.89','10.0.4.0',4,33),(89,'10.0.7.4','10.9.41.09','10.0.1.1',6,68),(90,'10.0.8.6','10.5.64.48','10.0.1.4',6,79),(91,'10.0.0.3','10.0.44.73','10.0.1.0',0,50),(92,'10.0.4.4','10.7.09.65','10.0.2.5',3,59),(93,'10.0.4.9','10.8.28.73','10.0.3.9',2,6),(94,'10.0.3.6','10.1.43.58','10.0.0.0',1,60),(95,'10.0.1.0','10.0.35.89','10.0.9.2',7,26),(96,'10.0.3.2','10.6.09.88','10.0.1.5',9,38),(97,'10.0.0.9','10.3.29.78','10.0.3.1',1,47),(98,'10.0.2.5','10.6.18.02','10.0.1.0',1,61),(99,'10.0.5.6','10.3.85.05','10.0.3.7',4,73),(100,'10.0.9.9','10.2.55.84','10.0.7.0',7,100),(101,'10.0.4.5','10.1.45.91','10.0.2.5',6,11),(102,'10.0.3.4','10.1.09.42','10.0.8.0',6,75),(103,'10.0.5.6','10.2.77.38','10.0.1.3',0,38),(104,'10.0.4.6','10.4.15.61','10.0.2.8',2,24),(105,'10.0.8.6','10.4.99.74','10.0.4.3',3,7),(106,'10.0.1.8','10.8.17.54','10.0.4.6',3,77),(107,'10.0.4.1','10.4.38.53','10.0.0.2',1,38),(108,'10.0.0.9','10.3.44.68','10.0.1.8',1,100),(109,'10.0.2.6','10.6.69.36','10.0.5.1',7,38),(110,'10.0.7.6','10.9.85.24','10.0.8.4',3,76),(111,'10.0.6.1','10.3.87.64','10.0.6.8',6,73),(112,'10.0.3.8','10.3.55.73','10.0.8.5',4,97),(113,'10.0.6.3','10.5.34.66','10.0.2.7',8,5),(114,'10.0.1.4','10.2.70.46','10.0.4.4',8,16),(115,'10.0.5.1','10.8.10.96','10.0.8.2',7,69),(116,'10.0.6.0','10.6.30.83','10.0.8.6',4,25),(117,'10.0.6.0','10.9.59.18','10.0.6.0',1,56),(118,'10.0.3.5','10.8.51.87','10.0.9.2',1,3),(119,'10.0.2.8','10.4.27.41','10.0.2.8',5,91),(120,'10.0.4.0','10.0.44.52','10.0.8.4',9,27),(121,'10.0.0.5','10.0.39.00','10.0.9.3',8,33),(122,'10.0.7.0','10.9.14.60','10.0.8.3',9,4),(123,'10.0.8.2','10.2.55.46','10.0.0.4',1,86),(124,'10.0.1.5','10.4.49.68','10.0.1.4',8,36),(125,'10.0.7.5','10.4.17.48','10.0.3.0',7,77),(126,'10.0.9.8','10.8.00.33','10.0.3.5',5,33),(127,'10.0.2.2','10.4.78.42','10.0.8.5',6,82),(128,'10.0.6.6','10.9.96.29','10.0.9.0',8,33),(129,'10.0.9.4','10.9.36.67','10.0.5.7',5,71),(130,'10.0.0.7','10.6.62.24','10.0.4.3',4,53),(131,'10.0.3.2','10.9.35.10','10.0.7.6',3,69),(132,'10.0.2.4','10.8.57.74','10.0.7.8',2,91),(133,'10.0.0.9','10.3.13.56','10.0.1.8',2,81),(134,'10.0.8.7','10.5.46.45','10.0.6.1',4,3),(135,'10.0.7.2','10.1.25.09','10.0.1.9',0,14),(136,'10.0.8.7','10.3.75.45','10.0.5.2',9,91),(137,'10.0.0.6','10.9.29.70','10.0.6.8',6,38),(138,'10.0.6.3','10.9.79.81','10.0.1.2',2,88),(139,'10.0.2.7','10.5.66.50','10.0.9.9',4,44),(140,'10.0.7.3','10.1.46.75','10.0.0.5',1,91),(141,'10.0.8.3','10.1.44.51','10.0.3.6',7,71),(142,'10.0.2.4','10.5.96.58','10.0.2.7',6,31),(143,'10.0.6.2','10.8.25.70','10.0.4.2',5,83),(144,'10.0.0.5','10.3.95.62','10.0.0.7',9,19),(145,'10.0.7.5','10.2.60.79','10.0.6.8',4,20),(146,'10.0.5.6','10.1.67.90','10.0.2.9',9,5),(147,'10.0.7.6','10.6.17.75','10.0.0.3',3,3),(148,'10.0.6.8','10.1.48.05','10.0.8.2',6,64),(149,'10.0.3.4','10.4.04.76','10.0.9.0',9,76),(150,'10.0.3.9','10.5.61.43','10.0.2.5',5,32),(151,'10.0.8.8','10.1.45.67','10.0.0.3',8,62),(152,'10.0.3.6','10.8.77.23','10.0.1.1',0,83),(153,'10.0.0.3','10.1.05.43','10.0.3.9',7,4),(154,'10.0.9.1','10.3.70.88','10.0.2.0',6,28),(155,'10.0.1.6','10.9.18.50','10.0.1.6',2,28),(156,'10.0.1.2','10.2.87.97','10.0.6.1',3,47),(157,'10.0.5.6','10.8.66.37','10.0.3.7',9,81),(158,'10.0.4.2','10.9.86.97','10.0.8.8',9,94),(159,'10.0.5.2','10.6.73.88','10.0.9.2',1,74),(160,'10.0.5.8','10.5.13.95','10.0.1.1',4,67),(161,'10.0.3.5','10.5.67.18','10.0.6.3',9,24),(162,'10.0.1.8','10.2.32.35','10.0.9.4',4,82),(163,'10.0.0.7','10.6.08.27','10.0.5.9',5,97),(164,'10.0.2.5','10.3.78.28','10.0.8.8',5,22),(165,'10.0.4.4','10.3.19.12','10.0.2.4',9,10),(166,'10.0.5.6','10.3.70.94','10.0.3.4',8,87),(167,'10.0.2.8','10.9.55.19','10.0.7.1',1,73),(168,'10.0.0.0','10.8.73.99','10.0.3.5',5,76),(169,'10.0.9.6','10.9.26.97','10.0.5.3',7,75),(170,'10.0.7.8','10.2.03.41','10.0.5.8',4,73),(171,'10.0.3.1','10.2.43.96','10.0.3.9',8,49),(172,'10.0.0.4','10.1.03.02','10.0.0.9',6,58),(173,'10.0.4.0','10.3.73.22','10.0.7.6',8,98),(174,'10.0.8.1','10.3.98.51','10.0.0.1',6,89),(175,'10.0.3.3','10.4.05.40','10.0.1.0',8,83),(176,'10.0.7.2','10.9.24.11','10.0.7.2',6,60),(177,'10.0.5.0','10.2.24.20','10.0.5.0',6,71),(178,'10.0.3.2','10.5.31.82','10.0.0.8',6,96),(179,'10.0.1.5','10.4.15.42','10.0.3.8',4,73),(180,'10.0.2.7','10.4.11.00','10.0.1.0',6,34),(181,'10.0.7.4','10.6.97.13','10.0.4.5',1,3),(182,'10.0.1.0','10.2.98.77','10.0.0.2',0,31),(183,'10.0.7.3','10.3.51.31','10.0.7.4',6,75),(184,'10.0.6.4','10.8.26.45','10.0.2.0',5,13),(185,'10.0.3.6','10.5.65.94','10.0.4.5',0,82),(186,'10.0.8.2','10.8.58.59','10.0.3.6',5,6),(187,'10.0.9.0','10.8.90.88','10.0.9.1',6,24),(188,'10.0.6.7','10.5.68.74','10.0.4.1',1,87),(189,'10.0.3.5','10.6.08.75','10.0.8.7',3,59),(190,'10.0.9.3','10.1.73.34','10.0.5.7',7,59),(191,'10.0.4.4','10.1.02.40','10.0.5.1',1,88),(192,'10.0.5.9','10.8.33.68','10.0.9.3',8,20),(193,'10.0.9.0','10.6.74.03','10.0.4.4',3,82),(194,'10.0.7.6','10.5.35.24','10.0.4.2',2,22),(195,'10.0.2.0','10.6.41.66','10.0.4.5',5,62),(196,'10.0.4.7','10.0.26.44','10.0.8.2',6,44),(197,'10.0.2.6','10.1.57.51','10.0.1.0',0,22),(198,'10.0.5.2','10.0.10.98','10.0.6.6',5,43),(199,'10.0.8.8','10.0.03.83','10.0.1.4',7,60),(200,'10.0.4.2','10.6.00.81','10.0.9.4',6,2),(201,'10.0.6.0','10.0.28.04','10.0.9.5',9,13),(202,'10.0.8.1','10.7.23.70','10.0.9.7',5,75),(203,'10.0.1.9','10.8.39.43','10.0.5.9',3,35),(204,'10.0.1.6','10.3.09.08','10.0.9.9',7,63),(205,'10.0.5.1','10.6.97.50','10.0.0.0',8,41),(206,'10.0.1.8','10.4.59.21','10.0.3.9',8,16),(207,'10.0.1.6','10.1.45.01','10.0.2.7',5,65),(208,'10.0.8.5','10.1.39.15','10.0.4.0',0,81),(209,'10.0.1.0','10.6.79.96','10.0.8.6',6,12),(210,'10.0.8.8','10.6.76.27','10.0.5.0',8,12),(211,'10.0.1.4','10.0.49.71','10.0.7.0',4,52),(212,'10.0.7.9','10.5.92.19','10.0.0.3',6,49),(213,'10.0.3.3','10.0.09.80','10.0.2.4',0,51),(214,'10.0.9.8','10.3.22.79','10.0.5.9',3,42),(215,'10.0.7.8','10.9.55.07','10.0.7.9',4,96),(216,'10.0.8.4','10.9.60.25','10.0.0.0',0,71),(217,'10.0.5.4','10.6.24.87','10.0.6.2',7,36),(218,'10.0.5.2','10.3.56.70','10.0.5.7',0,42),(219,'10.0.2.1','10.5.02.46','10.0.5.6',5,74),(220,'10.0.0.1','10.2.47.14','10.0.9.1',1,29),(221,'10.0.5.8','10.0.80.56','10.0.3.9',6,17),(222,'10.0.0.2','10.0.82.56','10.0.1.0',0,69),(223,'10.0.6.2','10.9.62.10','10.0.3.6',7,78),(224,'10.0.2.1','10.6.44.35','10.0.5.3',5,98),(225,'10.0.2.0','10.5.80.91','10.0.1.0',2,89),(226,'10.0.9.7','10.5.34.59','10.0.4.5',6,36),(227,'10.0.3.1','10.7.29.55','10.0.4.9',4,79),(228,'10.0.9.5','10.3.98.27','10.0.4.5',0,2),(229,'10.0.4.8','10.7.02.43','10.0.3.1',4,80),(230,'10.0.1.9','10.7.74.39','10.0.3.9',4,8),(231,'10.0.5.2','10.0.39.29','10.0.9.1',2,83),(232,'10.0.5.4','10.7.97.04','10.0.9.2',4,65),(233,'10.0.0.3','10.1.80.81','10.0.1.3',3,50),(234,'10.0.3.9','10.7.92.41','10.0.8.9',0,34),(235,'10.0.9.5','10.8.72.54','10.0.1.8',2,79),(236,'10.0.3.4','10.8.71.72','10.0.5.3',3,11),(237,'10.0.7.3','10.3.40.44','10.0.0.8',7,78),(238,'10.0.7.6','10.5.57.07','10.0.4.9',1,3),(239,'10.0.2.9','10.4.91.18','10.0.5.4',2,50),(240,'10.0.5.5','10.9.91.01','10.0.9.8',8,32),(241,'10.0.9.2','10.3.06.97','10.0.7.8',3,99),(242,'10.0.4.1','10.5.88.27','10.0.4.5',0,54),(243,'10.0.0.1','10.4.54.86','10.0.5.9',5,52),(244,'10.0.2.7','10.4.25.33','10.0.9.4',6,41),(245,'10.0.1.9','10.9.97.02','10.0.6.6',0,52),(246,'10.0.8.2','10.5.63.10','10.0.3.1',8,59),(247,'10.0.9.0','10.3.92.16','10.0.9.1',8,42),(248,'10.0.1.2','10.3.28.72','10.0.9.8',1,81),(249,'10.0.8.6','10.8.04.69','10.0.2.2',9,2),(250,'10.0.3.1','10.7.47.68','10.0.1.4',9,86),(251,'10.0.4.6','10.2.25.29','10.0.8.1',0,75),(252,'10.0.7.2','10.6.25.07','10.0.3.6',3,87),(253,'10.0.1.1','10.2.65.61','10.0.0.8',7,47),(254,'10.0.9.3','10.2.51.60','10.0.2.1',6,32),(255,'10.0.3.7','10.5.34.36','10.0.1.3',6,74),(256,'10.0.3.9','10.0.19.15','10.0.9.3',0,60),(257,'10.0.1.1','10.6.00.36','10.0.8.2',7,93),(258,'10.0.0.6','10.5.13.24','10.0.0.4',7,52),(259,'10.0.5.5','10.1.43.34','10.0.1.6',0,93),(260,'10.0.8.9','10.5.34.20','10.0.7.0',3,75),(261,'10.0.4.6','10.8.89.76','10.0.8.5',6,11),(262,'10.0.6.5','10.2.64.53','10.0.8.2',8,34),(263,'10.0.3.6','10.4.06.54','10.0.4.7',5,47),(264,'10.0.3.1','10.3.80.00','10.0.9.6',3,43),(265,'10.0.5.4','10.7.90.14','10.0.6.2',3,29),(266,'10.0.9.7','10.9.90.89','10.0.5.6',8,19),(267,'10.0.8.3','10.4.81.54','10.0.2.0',5,57),(268,'10.0.2.0','10.0.79.20','10.0.9.0',9,71),(269,'10.0.3.9','10.1.91.52','10.0.7.8',1,42),(270,'10.0.1.5','10.0.28.79','10.0.8.9',3,8),(271,'10.0.5.1','10.6.17.94','10.0.0.7',8,73),(272,'10.0.7.6','10.3.92.12','10.0.1.5',2,54),(273,'10.0.6.8','10.1.33.77','10.0.2.0',7,88),(274,'10.0.4.7','10.5.85.94','10.0.8.3',9,19),(275,'10.0.3.6','10.7.65.86','10.0.8.6',5,97),(276,'10.0.9.3','10.3.01.19','10.0.6.0',4,67),(277,'10.0.0.9','10.2.27.36','10.0.8.7',3,17),(278,'10.0.8.5','10.5.70.73','10.0.1.3',2,58),(279,'10.0.5.3','10.6.96.99','10.0.5.5',4,37),(280,'10.0.7.8','10.1.92.49','10.0.7.4',2,65),(281,'10.0.4.2','10.5.59.39','10.0.1.7',7,21),(282,'10.0.8.5','10.0.13.00','10.0.2.2',6,71),(283,'10.0.3.6','10.7.32.85','10.0.8.2',9,70),(284,'10.0.9.9','10.4.11.48','10.0.4.6',0,91),(285,'10.0.8.3','10.2.07.15','10.0.3.8',1,46),(286,'10.0.9.9','10.1.17.92','10.0.0.3',4,47),(287,'10.0.9.7','10.2.00.10','10.0.2.6',5,53),(288,'10.0.7.0','10.7.37.47','10.0.3.4',7,48),(289,'10.0.9.5','10.4.52.09','10.0.2.1',4,14),(290,'10.0.7.8','10.0.67.69','10.0.7.6',3,89),(291,'10.0.1.7','10.7.27.78','10.0.1.4',9,4),(292,'10.0.6.2','10.1.41.98','10.0.7.4',7,100),(293,'10.0.5.2','10.1.68.28','10.0.5.8',0,86),(294,'10.0.0.4','10.8.61.14','10.0.3.0',6,31),(295,'10.0.7.8','10.7.52.60','10.0.1.6',0,81),(296,'10.0.2.5','10.7.97.84','10.0.8.5',9,2),(297,'10.0.9.9','10.8.69.85','10.0.3.7',9,7),(298,'10.0.9.2','10.8.82.03','10.0.4.3',7,90),(299,'10.0.3.4','10.7.53.45','10.0.5.5',1,43),(300,'10.0.8.2','10.5.21.55','10.0.4.1',5,41);
/*!40000 ALTER TABLE `ipnet` ENABLE KEYS */;
UNLOCK TABLES;

--
-- Table structure for table `ipset`
--

DROP TABLE IF EXISTS `ipset`;
/*!40101 SET @saved_cs_client     = @@character_set_client */;
/*!40101 SET character_set_client = utf8 */;
CREATE TABLE `ipset` (
  `id` int(11) NOT NULL AUTO_INCREMENT,
  `name` varchar(127) NOT NULL,
  `info` varchar(255) NOT NULL DEFAULT '',
  PRIMARY KEY (`id`),
  UNIQUE KEY `name` (`name`)
) ENGINE=InnoDB AUTO_INCREMENT=102 DEFAULT CHARSET=utf8 COMMENT='client ipnet set';
/*!40101 SET character_set_client = @saved_cs_client */;

--
-- Dumping data for table `ipset`
--

LOCK TABLES `ipset` WRITE;
/*!40000 ALTER TABLE `ipset` DISABLE KEYS */;
INSERT INTO `ipset` VALUES (1,'unknown','src ipnet that igw has no idea where it belongs to'),(2,'Goodwin, Leandra O.','eget, dictum placerat,'),(3,'Stephens, Madaline O.','auctor. Mauris vel'),(4,'Vinson, Dahlia W.','Aliquam vulputate ullamcorper'),(5,'Wolfe, Ralph B.','ante dictum mi,'),(6,'Duncan, Harper O.','rhoncus. Donec est.'),(7,'Gillespie, Kaye L.','cursus et, magna.'),(8,'Hyde, Fritz V.','eget magna. Suspendisse'),(9,'Fleming, Velma S.','dictum eu, placerat'),(10,'French, Remedios L.','aliquet, metus urna'),(11,'Mcintyre, Ivana J.','sollicitudin commodo ipsum.'),(12,'Larson, Ursula G.','consectetuer adipiscing elit.'),(13,'Maxwell, Meghan R.','orci lobortis augue'),(14,'Craig, Colorado T.','tellus eu augue'),(15,'Sims, Camille C.','ipsum nunc id'),(16,'Pugh, Tyrone O.','vitae semper egestas,'),(17,'Dalton, Myra E.','sem egestas blandit.'),(18,'Jacobson, Leslie S.','non dui nec'),(19,'Hoffman, Ariel V.','elementum purus, accumsan'),(20,'Fulton, Nicole F.','diam. Sed diam'),(21,'Dunlap, Merritt P.','egestas ligula. Nullam'),(22,'Stewart, Raymond N.','a tortor. Nunc'),(23,'Byrd, Tashya F.','leo, in lobortis'),(24,'Meadows, Lucius K.','justo. Proin non'),(25,'Hawkins, Ivana B.','at sem molestie'),(26,'Oliver, Kiona V.','libero lacus, varius'),(27,'Puckett, Xena G.','Nunc commodo auctor'),(28,'Chase, Alice C.','sociis natoque penatibus'),(29,'Richardson, Dorothy A.','ac libero nec'),(30,'Rodriquez, Justin K.','eros turpis non'),(31,'Chan, Ginger B.','et arcu imperdiet'),(32,'Sosa, Jamalia V.','pellentesque massa lobortis'),(33,'Levine, Chiquita E.','libero. Donec consectetuer'),(34,'Hodge, Oprah M.','Cras vulputate velit'),(35,'Mccray, Harrison Z.','diam dictum sapien.'),(36,'Figueroa, Lois R.','ac metus vitae'),(37,'Duke, Zeph H.','et pede. Nunc'),(38,'Noble, Courtney V.','neque sed sem'),(39,'Mullins, Chester R.','id risus quis'),(40,'Myers, Marny A.','Quisque tincidunt pede'),(41,'Hunt, Ariel U.','et tristique pellentesque,'),(42,'Harrington, Ruth R.','cursus in, hendrerit'),(43,'Ward, Holmes U.','neque venenatis lacus.'),(44,'Battle, Haley C.','Sed eu nibh'),(45,'Shelton, Nerea K.','elementum at, egestas'),(46,'Neal, Orson L.','Donec nibh enim,'),(47,'Carter, Otto D.','Etiam vestibulum massa'),(48,'Strickland, Samson T.','cubilia Curae Donec'),(49,'Herman, Pascale T.','Fusce dolor quam,'),(50,'Valenzuela, Carter H.','placerat, orci lacus'),(51,'Dixon, Bertha D.','congue. In scelerisque'),(52,'Collier, Ryder R.','adipiscing ligula. Aenean'),(53,'Mccoy, Lacota Q.','nec metus facilisis'),(54,'Sanchez, Cecilia W.','vehicula risus. Nulla'),(55,'Mccullough, Jameson A.','id enim. Curabitur'),(56,'Mcclure, Yael Y.','nec, diam. Duis'),(57,'Shannon, Claudia A.','convallis in, cursus'),(58,'Cantu, Nehru K.','enim. Suspendisse aliquet,'),(59,'Stout, Mariam H.','consectetuer adipiscing elit.'),(60,'Obrien, Brenna T.','congue a, aliquet'),(61,'Gutierrez, Kuame M.','egestas nunc sed'),(62,'Stanton, Lois K.','nibh. Quisque nonummy'),(63,'Garner, Ryan Z.','egestas. Aliquam fringilla'),(64,'Bird, Winter J.','molestie dapibus ligula.'),(65,'Morris, Eugenia H.','elit. Aliquam auctor,'),(66,'Burton, Patience E.','lobortis mauris. Suspendisse'),(67,'Stout, Breanna J.','at, nisi. Cum'),(68,'Chapman, Frances Y.','Nam nulla magna,'),(69,'Church, Zachary R.','lobortis risus. In'),(70,'Bray, Sydney N.','vel quam dignissim'),(71,'Calhoun, Armand U.','velit justo nec'),(72,'Dunn, Jerry J.','in, dolor. Fusce'),(73,'Bush, Macey Z.','dis parturient montes,'),(74,'Wooten, Griffin L.','magna a neque.'),(75,'Wilkerson, Selma J.','scelerisque scelerisque dui.'),(76,'Salas, Eliana F.','bibendum fermentum metus.'),(77,'Valenzuela, Illana T.','ornare placerat, orci'),(78,'Knight, Noble L.','Donec tempor, est'),(79,'Rogers, Evangeline L.','arcu vel quam'),(80,'Witt, Sybill L.','id, erat. Etiam'),(81,'Fields, Ruth Z.','ut mi. Duis'),(82,'Austin, Alexis Q.','ac orci. Ut'),(83,'Bryant, Alma U.','at auctor ullamcorper,'),(84,'Owen, Abel O.','quam dignissim pharetra.'),(85,'Meyers, Janna L.','neque pellentesque massa'),(86,'Jenkins, Catherine T.','eu enim. Etiam'),(87,'Francis, Morgan B.','lectus convallis est,'),(88,'Rollins, Mohammad W.','et malesuada fames'),(89,'Williamson, Cruz K.','hendrerit a, arcu.'),(90,'Terrell, Curran V.','mattis semper, dui'),(91,'Bell, Wynne I.','tellus non magna.'),(92,'Oliver, Jescie D.','aliquet. Phasellus fermentum'),(93,'Chapman, Ebony A.','Donec tempor, est'),(94,'Finch, Cade K.','iaculis aliquet diam.'),(95,'Adams, Karina K.','dolor, nonummy ac,'),(96,'Cervantes, Leo B.','egestas hendrerit neque.'),(97,'Reynolds, Brandon R.','Donec feugiat metus'),(98,'Morales, Xenos V.','morbi tristique senectus'),(99,'Allison, Virginia T.','interdum. Sed auctor'),(100,'Mcguire, Julie X.','magna. Duis dignissim'),(101,'Joseph, Aretha K.','turpis. Nulla aliquet.');
/*!40000 ALTER TABLE `ipset` ENABLE KEYS */;
UNLOCK TABLES;

--
-- Temporary view structure for view `ipset_view`
--

DROP TABLE IF EXISTS `ipset_view`;
/*!50001 DROP VIEW IF EXISTS `ipset_view`*/;
SET @saved_cs_client     = @@character_set_client;
SET character_set_client = utf8;
/*!50001 CREATE VIEW `ipset_view` AS SELECT 
 1 AS `ipnet_id`,
 1 AS `ip_start`,
 1 AS `ip_start_int`,
 1 AS `ip_end`,
 1 AS `ip_end_int`,
 1 AS `ipnet`,
 1 AS `mask`,
 1 AS `ipset_id`,
 1 AS `ipset_name`*/;
SET character_set_client = @saved_cs_client;

--
-- Table structure for table `iptable`
--

DROP TABLE IF EXISTS `iptable`;
/*!40101 SET @saved_cs_client     = @@character_set_client */;
/*!40101 SET character_set_client = utf8 */;
CREATE TABLE `iptable` (
  `id` int(11) NOT NULL AUTO_INCREMENT,
  `ip_start` varchar(40) NOT NULL,
  `ip_end` varchar(40) NOT NULL,
  `ipnet` varchar(40) NOT NULL,
  `mask` tinyint(3) unsigned NOT NULL,
  `netlink_id` int(11) DEFAULT NULL,
  PRIMARY KEY (`id`),
  UNIQUE KEY `ip_start` (`ip_start`,`ip_end`),
  KEY `netlink_id` (`netlink_id`),
  CONSTRAINT `iptable_ibfk_1` FOREIGN KEY (`netlink_id`) REFERENCES `netlink` (`id`)
) ENGINE=InnoDB AUTO_INCREMENT=501 DEFAULT CHARSET=utf8 COMMENT='IP to netlink';
/*!40101 SET character_set_client = @saved_cs_client */;

--
-- Dumping data for table `iptable`
--

LOCK TABLES `iptable` WRITE;
/*!40000 ALTER TABLE `iptable` DISABLE KEYS */;
INSERT INTO `iptable` VALUES (1,'100.0.3.0','100.4.91.46','100.0.9.0',6,3),(2,'100.0.4.0','100.0.51.49','100.0.3.3',8,1),(3,'100.0.4.4','100.8.26.05','100.0.1.6',6,4),(4,'100.0.0.1','100.6.09.09','100.0.1.3',4,9),(5,'100.0.2.5','100.9.28.88','100.0.0.4',3,6),(6,'100.0.3.8','100.7.47.16','100.0.3.2',9,8),(7,'100.0.9.7','100.8.97.62','100.0.2.4',6,7),(8,'100.0.1.8','100.4.03.46','100.0.1.8',3,7),(9,'100.0.7.3','100.1.68.98','100.0.9.8',1,7),(10,'100.0.9.3','100.9.80.67','100.0.7.4',7,6),(11,'100.0.6.7','100.8.07.89','100.0.4.2',3,4),(12,'100.0.9.1','100.7.35.82','100.0.7.2',7,6),(13,'100.0.0.7','100.4.87.71','100.0.3.6',0,6),(14,'100.0.8.2','100.5.74.16','100.0.5.7',2,1),(15,'100.0.3.5','100.1.32.74','100.0.5.4',9,8),(16,'100.0.3.5','100.7.50.74','100.0.6.3',4,2),(17,'100.0.7.2','100.7.09.51','100.0.2.2',6,2),(18,'100.0.4.8','100.8.75.80','100.0.1.4',5,7),(19,'100.0.6.7','100.0.47.72','100.0.1.1',6,9),(20,'100.0.1.7','100.0.42.67','100.0.0.6',0,4),(21,'100.0.8.7','100.4.58.38','100.0.5.9',7,2),(22,'100.0.7.0','100.0.88.72','100.0.0.0',6,6),(23,'100.0.1.5','100.7.67.42','100.0.2.2',1,4),(24,'100.0.9.9','100.0.56.10','100.0.4.5',1,2),(25,'100.0.7.5','100.7.90.16','100.0.0.6',1,4),(26,'100.0.8.0','100.5.49.23','100.0.9.8',7,5),(27,'100.0.9.7','100.7.18.04','100.0.3.4',0,4),(28,'100.0.6.6','100.9.31.99','100.0.8.0',7,6),(29,'100.0.5.0','100.1.42.47','100.0.3.1',3,3),(30,'100.0.5.9','100.7.68.48','100.0.7.3',3,4),(31,'100.0.4.4','100.1.00.39','100.0.2.9',2,2),(32,'100.0.0.5','100.9.14.34','100.0.6.2',4,7),(33,'100.0.5.1','100.2.62.11','100.0.7.6',7,6),(34,'100.0.1.6','100.4.02.04','100.0.1.7',2,3),(35,'100.0.3.2','100.9.07.54','100.0.2.5',6,8),(36,'100.0.5.6','100.0.99.18','100.0.9.3',0,2),(37,'100.0.9.4','100.5.54.33','100.0.7.0',8,3),(38,'100.0.9.2','100.6.76.70','100.0.5.4',7,6),(39,'100.0.7.9','100.1.90.86','100.0.4.2',0,8),(40,'100.0.6.3','100.6.44.08','100.0.6.9',0,4),(41,'100.0.5.0','100.8.57.43','100.0.6.5',0,1),(42,'100.0.0.4','100.0.37.37','100.0.0.1',9,10),(43,'100.0.8.9','100.7.22.88','100.0.1.4',6,9),(44,'100.0.3.9','100.9.95.60','100.0.5.9',5,6),(45,'100.0.1.1','100.0.27.63','100.0.8.2',1,5),(46,'100.0.9.4','100.1.34.40','100.0.2.1',1,4),(47,'100.0.4.0','100.4.37.51','100.0.6.7',3,6),(48,'100.0.1.0','100.4.87.14','100.0.1.4',8,3),(49,'100.0.5.0','100.9.06.92','100.0.9.8',2,5),(50,'100.0.1.1','100.7.87.10','100.0.0.1',3,7),(51,'100.0.7.1','100.8.93.14','100.0.8.9',2,8),(52,'100.0.3.5','100.1.02.65','100.0.8.1',7,8),(53,'100.0.0.9','100.8.41.86','100.0.4.3',0,2),(54,'100.0.5.7','100.0.26.15','100.0.8.1',0,7),(55,'100.0.7.9','100.5.17.55','100.0.8.3',6,4),(56,'100.0.8.2','100.5.88.38','100.0.8.6',3,6),(57,'100.0.9.6','100.4.48.51','100.0.3.2',6,1),(58,'100.0.8.9','100.2.53.99','100.0.2.0',8,1),(59,'100.0.4.6','100.4.65.26','100.0.3.9',0,5),(60,'100.0.5.0','100.7.04.55','100.0.4.4',4,5),(61,'100.0.4.3','100.0.84.14','100.0.8.3',8,1),(62,'100.0.5.3','100.0.51.98','100.0.4.7',5,7),(63,'100.0.1.7','100.1.89.69','100.0.2.7',5,3),(64,'100.0.3.8','100.1.57.84','100.0.7.1',1,8),(65,'100.0.6.7','100.6.42.67','100.0.5.4',9,9),(66,'100.0.3.5','100.4.77.49','100.0.2.8',0,4),(67,'100.0.3.0','100.0.58.79','100.0.4.9',5,4),(68,'100.0.9.2','100.1.19.52','100.0.3.2',3,6),(69,'100.0.7.7','100.2.00.66','100.0.5.3',7,1),(70,'100.0.5.4','100.9.70.73','100.0.7.5',1,4),(71,'100.0.2.2','100.8.85.86','100.0.5.6',5,2),(72,'100.0.1.0','100.1.95.63','100.0.7.9',0,4),(73,'100.0.7.7','100.1.68.79','100.0.0.0',6,5),(74,'100.0.7.4','100.2.18.33','100.0.2.9',6,2),(75,'100.0.4.2','100.4.21.43','100.0.8.2',1,9),(76,'100.0.5.6','100.3.27.87','100.0.7.5',7,4),(77,'100.0.2.4','100.3.53.48','100.0.5.7',0,3),(78,'100.0.2.1','100.0.51.15','100.0.9.7',2,6),(79,'100.0.2.4','100.7.12.17','100.0.4.1',4,7),(80,'100.0.2.5','100.0.59.88','100.0.2.2',9,8),(81,'100.0.8.2','100.8.11.49','100.0.9.3',5,5),(82,'100.0.4.1','100.1.88.95','100.0.9.8',4,10),(83,'100.0.5.5','100.0.22.42','100.0.9.2',9,5),(84,'100.0.8.6','100.1.87.57','100.0.0.3',6,6),(85,'100.0.1.9','100.5.17.55','100.0.3.9',3,3),(86,'100.0.2.4','100.6.41.18','100.0.0.4',0,2),(87,'100.0.4.6','100.0.83.56','100.0.7.8',7,5),(88,'100.0.1.3','100.2.24.26','100.0.2.3',0,5),(89,'100.0.9.0','100.2.49.75','100.0.0.9',9,7),(90,'100.0.8.2','100.2.53.44','100.0.3.4',4,7),(91,'100.0.3.0','100.7.30.89','100.0.9.6',9,5),(92,'100.0.2.8','100.2.92.06','100.0.8.0',9,1),(93,'100.0.7.3','100.8.13.59','100.0.1.5',6,5),(94,'100.0.9.8','100.0.70.12','100.0.0.2',3,1),(95,'100.0.6.1','100.6.06.30','100.0.5.8',5,9),(96,'100.0.9.0','100.3.53.89','100.0.1.6',5,2),(97,'100.0.7.6','100.2.18.94','100.0.4.4',1,7),(98,'100.0.5.7','100.7.66.73','100.0.2.1',1,4),(99,'100.0.6.0','100.1.43.74','100.0.8.5',7,4),(100,'100.0.5.9','100.2.24.45','100.0.5.7',0,9),(101,'100.0.8.0','100.5.78.17','100.0.0.5',4,6),(102,'100.0.6.1','100.6.71.79','100.0.6.3',0,5),(103,'100.0.0.8','100.5.51.82','100.0.9.6',5,2),(104,'100.0.6.9','100.0.20.56','100.0.1.3',2,5),(105,'100.0.9.8','100.4.70.00','100.0.1.4',7,4),(106,'100.0.7.1','100.1.53.09','100.0.3.9',0,2),(107,'100.0.5.7','100.1.77.61','100.0.5.0',4,10),(108,'100.0.7.0','100.9.29.75','100.0.6.5',1,4),(109,'100.0.1.8','100.9.80.14','100.0.5.0',6,5),(110,'100.0.6.3','100.6.51.68','100.0.6.8',7,7),(111,'100.0.0.3','100.8.36.67','100.0.1.6',8,1),(112,'100.0.8.5','100.0.23.81','100.0.3.4',5,6),(113,'100.0.9.3','100.7.57.86','100.0.9.3',2,10),(114,'100.0.2.2','100.7.35.44','100.0.3.9',3,5),(115,'100.0.1.8','100.3.78.90','100.0.7.6',3,10),(116,'100.0.9.9','100.4.91.22','100.0.6.4',4,10),(117,'100.0.6.7','100.7.83.28','100.0.5.3',1,6),(118,'100.0.8.6','100.4.82.27','100.0.9.1',1,1),(119,'100.0.8.2','100.1.40.32','100.0.4.6',4,2),(120,'100.0.6.8','100.4.04.26','100.0.1.3',6,1),(121,'100.0.7.1','100.5.71.32','100.0.9.7',9,1),(122,'100.0.7.2','100.5.30.55','100.0.2.8',9,4),(123,'100.0.9.9','100.1.81.18','100.0.1.1',9,8),(124,'100.0.3.2','100.8.40.15','100.0.7.1',8,9),(125,'100.0.2.3','100.6.45.87','100.0.0.1',4,8),(126,'100.0.7.8','100.3.38.58','100.0.4.8',2,9),(127,'100.0.5.4','100.1.88.28','100.0.2.6',5,2),(128,'100.0.8.4','100.0.36.16','100.0.6.3',0,5),(129,'100.0.7.8','100.2.03.69','100.0.1.3',6,1),(130,'100.0.8.8','100.2.18.41','100.0.5.6',4,6),(131,'100.0.8.0','100.8.76.15','100.0.2.7',2,1),(132,'100.0.3.6','100.7.91.09','100.0.4.3',2,2),(133,'100.0.3.8','100.4.25.87','100.0.0.6',9,7),(134,'100.0.0.4','100.8.88.21','100.0.2.2',8,3),(135,'100.0.2.2','100.8.18.49','100.0.7.4',6,7),(136,'100.0.3.2','100.6.67.93','100.0.4.5',6,7),(137,'100.0.8.9','100.3.99.37','100.0.1.2',5,5),(138,'100.0.3.0','100.4.23.74','100.0.2.6',0,7),(139,'100.0.6.7','100.5.08.25','100.0.2.4',5,3),(140,'100.0.2.5','100.9.70.57','100.0.1.7',6,10),(141,'100.0.6.0','100.4.75.84','100.0.6.8',7,9),(142,'100.0.6.3','100.0.42.07','100.0.4.3',7,7),(143,'100.0.4.6','100.7.24.82','100.0.4.1',9,8),(144,'100.0.3.1','100.3.52.40','100.0.9.1',0,5),(145,'100.0.5.7','100.9.84.71','100.0.0.3',7,6),(146,'100.0.7.8','100.1.83.37','100.0.8.7',4,2),(147,'100.0.9.2','100.8.99.59','100.0.1.9',5,8),(148,'100.0.4.9','100.3.64.99','100.0.4.5',8,6),(149,'100.0.0.2','100.5.12.58','100.0.7.0',5,6),(150,'100.0.6.9','100.1.34.46','100.0.2.4',0,2),(151,'100.0.4.4','100.8.16.16','100.0.9.8',1,8),(152,'100.0.4.0','100.0.12.25','100.0.2.5',2,8),(153,'100.0.4.0','100.4.86.80','100.0.7.4',1,3),(154,'100.0.3.7','100.1.14.22','100.0.0.5',1,3),(155,'100.0.7.4','100.5.89.14','100.0.2.6',4,2),(156,'100.0.7.6','100.0.26.43','100.0.0.7',5,1),(157,'100.0.3.6','100.1.20.77','100.0.9.9',8,1),(158,'100.0.1.0','100.9.17.11','100.0.0.0',8,7),(159,'100.0.6.8','100.7.07.65','100.0.3.2',1,2),(160,'100.0.2.0','100.6.52.60','100.0.2.9',7,1),(161,'100.0.5.4','100.0.18.45','100.0.7.2',0,4),(162,'100.0.4.9','100.4.58.69','100.0.9.0',7,9),(163,'100.0.2.7','100.5.28.23','100.0.9.7',9,5),(164,'100.0.6.4','100.6.78.82','100.0.9.0',8,2),(165,'100.0.3.1','100.9.50.41','100.0.6.9',3,7),(166,'100.0.2.7','100.8.31.00','100.0.0.4',3,5),(167,'100.0.7.7','100.4.41.36','100.0.7.4',0,2),(168,'100.0.7.3','100.8.77.41','100.0.7.7',2,4),(169,'100.0.2.9','100.2.11.38','100.0.9.6',3,2),(170,'100.0.8.8','100.3.45.27','100.0.4.1',1,1),(171,'100.0.7.9','100.1.61.44','100.0.0.5',3,6),(172,'100.0.1.7','100.2.11.61','100.0.2.6',1,6),(173,'100.0.1.9','100.3.83.46','100.0.3.7',1,5),(174,'100.0.9.7','100.0.45.85','100.0.6.8',9,1),(175,'100.0.1.0','100.9.01.44','100.0.2.9',0,5),(176,'100.0.3.4','100.1.84.81','100.0.3.0',3,8),(177,'100.0.8.3','100.7.26.49','100.0.5.6',3,8),(178,'100.0.4.5','100.4.25.92','100.0.1.7',8,8),(179,'100.0.2.5','100.3.69.18','100.0.8.0',4,9),(180,'100.0.5.7','100.5.24.49','100.0.1.5',6,6),(181,'100.0.2.2','100.6.30.73','100.0.9.5',3,9),(182,'100.0.2.7','100.1.79.03','100.0.8.9',4,1),(183,'100.0.6.6','100.1.28.90','100.0.3.8',5,7),(184,'100.0.4.4','100.2.10.96','100.0.2.2',9,7),(185,'100.0.8.2','100.2.29.23','100.0.6.7',5,2),(186,'100.0.7.2','100.5.39.61','100.0.1.3',3,8),(187,'100.0.7.6','100.0.42.83','100.0.4.4',9,3),(188,'100.0.5.3','100.2.20.26','100.0.0.1',4,10),(189,'100.0.0.5','100.3.04.78','100.0.5.4',2,4),(190,'100.0.7.8','100.8.50.75','100.0.6.8',4,5),(191,'100.0.6.5','100.5.77.79','100.0.2.3',5,5),(192,'100.0.0.0','100.5.36.27','100.0.6.7',0,10),(193,'100.0.6.4','100.5.20.15','100.0.0.1',2,4),(194,'100.0.9.5','100.5.29.71','100.0.7.8',6,1),(195,'100.0.7.1','100.3.52.90','100.0.0.4',1,4),(196,'100.0.0.1','100.4.43.70','100.0.7.5',1,8),(197,'100.0.6.2','100.4.24.45','100.0.1.0',4,9),(198,'100.0.3.3','100.2.01.53','100.0.9.0',4,6),(199,'100.0.2.6','100.8.39.43','100.0.9.1',2,5),(200,'100.0.1.8','100.6.66.05','100.0.6.6',7,9),(201,'100.0.3.3','100.8.31.63','100.0.7.2',0,3),(202,'100.0.8.4','100.1.99.23','100.0.8.3',3,1),(203,'100.0.2.6','100.0.96.23','100.0.9.1',4,6),(204,'100.0.1.7','100.9.67.68','100.0.8.9',5,3),(205,'100.0.2.0','100.3.16.39','100.0.6.5',7,3),(206,'100.0.6.2','100.4.50.02','100.0.8.0',2,2),(207,'100.0.3.2','100.9.52.11','100.0.9.3',0,6),(208,'100.0.4.3','100.7.32.79','100.0.7.0',5,8),(209,'100.0.2.6','100.7.59.54','100.0.4.8',9,10),(210,'100.0.3.9','100.4.03.77','100.0.3.6',2,3),(211,'100.0.0.0','100.8.83.61','100.0.6.1',5,3),(212,'100.0.9.4','100.1.51.49','100.0.9.5',6,8),(213,'100.0.2.5','100.1.40.18','100.0.8.4',5,1),(214,'100.0.6.5','100.7.96.11','100.0.9.0',5,8),(215,'100.0.3.8','100.1.43.02','100.0.3.1',0,8),(216,'100.0.9.6','100.9.92.38','100.0.8.9',4,6),(217,'100.0.7.8','100.4.77.58','100.0.3.9',7,7),(218,'100.0.6.5','100.1.20.49','100.0.0.7',6,3),(219,'100.0.2.7','100.0.22.75','100.0.7.5',9,3),(220,'100.0.1.8','100.4.05.23','100.0.9.5',8,7),(221,'100.0.4.1','100.5.79.10','100.0.0.1',1,9),(222,'100.0.6.8','100.7.78.06','100.0.5.8',8,6),(223,'100.0.8.4','100.2.00.96','100.0.0.8',7,9),(224,'100.0.9.8','100.5.47.14','100.0.1.6',9,7),(225,'100.0.0.1','100.5.27.63','100.0.9.6',1,10),(226,'100.0.1.8','100.9.93.20','100.0.1.7',4,10),(227,'100.0.8.9','100.7.07.61','100.0.4.6',0,7),(228,'100.0.9.8','100.1.12.12','100.0.5.8',2,2),(229,'100.0.2.3','100.7.56.92','100.0.9.5',4,1),(230,'100.0.4.9','100.4.33.53','100.0.1.0',2,8),(231,'100.0.4.3','100.9.80.16','100.0.4.7',1,3),(232,'100.0.7.8','100.0.96.20','100.0.0.3',6,7),(233,'100.0.3.2','100.1.28.68','100.0.0.7',1,8),(234,'100.0.6.9','100.3.49.79','100.0.0.0',3,3),(235,'100.0.3.2','100.8.06.30','100.0.5.9',1,7),(236,'100.0.6.7','100.8.50.45','100.0.2.0',6,6),(237,'100.0.1.2','100.9.26.72','100.0.3.0',7,4),(238,'100.0.6.1','100.7.83.75','100.0.1.2',2,3),(239,'100.0.9.0','100.9.33.69','100.0.2.8',4,1),(240,'100.0.9.0','100.4.10.14','100.0.6.2',8,4),(241,'100.0.1.5','100.8.12.31','100.0.3.3',5,1),(242,'100.0.4.0','100.7.24.97','100.0.4.4',3,9),(243,'100.0.6.3','100.0.92.59','100.0.2.0',0,6),(244,'100.0.8.3','100.1.61.74','100.0.1.0',1,5),(245,'100.0.8.2','100.4.35.72','100.0.5.4',4,9),(246,'100.0.8.8','100.0.89.50','100.0.1.2',8,5),(247,'100.0.4.9','100.3.87.64','100.0.4.1',1,1),(248,'100.0.2.8','100.3.23.24','100.0.6.1',3,8),(249,'100.0.9.6','100.2.25.03','100.0.6.1',8,7),(250,'100.0.4.8','100.5.74.77','100.0.6.5',5,10),(251,'100.0.3.3','100.9.25.43','100.0.5.7',5,6),(252,'100.0.2.2','100.7.62.71','100.0.0.3',2,8),(253,'100.0.6.6','100.1.88.47','100.0.4.5',6,1),(254,'100.0.4.0','100.2.02.45','100.0.3.6',2,3),(255,'100.0.5.6','100.2.08.15','100.0.8.8',0,7),(256,'100.0.3.5','100.5.88.10','100.0.1.9',0,3),(257,'100.0.4.7','100.9.37.25','100.0.5.3',7,6),(258,'100.0.4.6','100.4.33.45','100.0.2.2',5,8),(259,'100.0.9.1','100.4.79.93','100.0.4.7',5,2),(260,'100.0.8.7','100.7.08.78','100.0.8.7',7,6),(261,'100.0.6.9','100.9.21.70','100.0.5.5',0,2),(262,'100.0.6.4','100.7.59.78','100.0.6.9',4,8),(263,'100.0.5.2','100.6.80.88','100.0.8.8',2,7),(264,'100.0.2.4','100.4.34.00','100.0.0.1',3,2),(265,'100.0.5.7','100.4.28.77','100.0.9.8',8,7),(266,'100.0.7.0','100.3.71.99','100.0.8.8',2,3),(267,'100.0.8.6','100.6.07.70','100.0.2.3',9,8),(268,'100.0.7.7','100.6.56.88','100.0.7.2',3,9),(269,'100.0.6.8','100.5.93.11','100.0.6.9',1,5),(270,'100.0.6.1','100.3.56.17','100.0.8.6',5,4),(271,'100.0.9.9','100.9.12.47','100.0.2.9',0,5),(272,'100.0.0.2','100.7.43.21','100.0.1.0',5,3),(273,'100.0.5.5','100.7.35.10','100.0.8.3',6,6),(274,'100.0.8.3','100.4.69.67','100.0.5.1',0,2),(275,'100.0.0.9','100.5.73.50','100.0.8.5',2,9),(276,'100.0.1.3','100.1.09.87','100.0.3.8',5,8),(277,'100.0.1.9','100.2.32.48','100.0.1.5',4,5),(278,'100.0.3.3','100.6.71.36','100.0.8.1',4,8),(279,'100.0.9.2','100.9.14.21','100.0.5.4',1,5),(280,'100.0.3.3','100.2.24.58','100.0.2.5',2,4),(281,'100.0.2.6','100.6.47.62','100.0.2.9',9,9),(282,'100.0.8.2','100.5.83.52','100.0.1.4',3,2),(283,'100.0.3.8','100.9.15.01','100.0.8.3',2,3),(284,'100.0.5.4','100.6.32.80','100.0.3.1',2,1),(285,'100.0.7.6','100.1.35.87','100.0.2.0',5,9),(286,'100.0.9.4','100.0.06.18','100.0.6.8',0,3),(287,'100.0.6.2','100.1.30.91','100.0.9.0',8,3),(288,'100.0.6.5','100.4.96.07','100.0.1.0',8,10),(289,'100.0.9.4','100.4.85.72','100.0.6.6',1,10),(290,'100.0.6.6','100.9.50.01','100.0.5.0',2,6),(291,'100.0.8.0','100.4.51.16','100.0.0.4',2,2),(292,'100.0.8.9','100.7.02.93','100.0.5.8',6,10),(293,'100.0.1.4','100.2.73.29','100.0.7.8',3,7),(294,'100.0.2.0','100.2.84.52','100.0.7.1',6,3),(295,'100.0.4.2','100.4.99.89','100.0.4.4',5,2),(296,'100.0.2.6','100.0.68.01','100.0.1.1',9,9),(297,'100.0.2.8','100.4.48.40','100.0.9.3',7,1),(298,'100.0.9.5','100.7.23.93','100.0.1.1',9,1),(299,'100.0.7.0','100.4.51.71','100.0.6.5',5,4),(300,'100.0.6.2','100.0.28.90','100.0.8.1',6,5),(301,'100.0.5.3','100.0.84.90','100.0.9.2',0,1),(302,'100.0.5.3','100.9.31.11','100.0.2.8',4,2),(303,'100.0.9.8','100.2.36.72','100.0.0.2',1,10),(304,'100.0.0.7','100.7.54.71','100.0.3.0',4,9),(305,'100.0.6.6','100.0.36.05','100.0.0.6',1,10),(306,'100.0.0.5','100.5.52.28','100.0.3.9',3,8),(307,'100.0.4.0','100.9.47.41','100.0.0.0',0,3),(308,'100.0.6.9','100.8.87.42','100.0.4.5',5,3),(309,'100.0.7.4','100.7.43.23','100.0.5.3',2,8),(310,'100.0.5.5','100.4.43.00','100.0.3.1',4,10),(311,'100.0.1.3','100.0.41.54','100.0.8.8',9,9),(312,'100.0.9.3','100.0.55.24','100.0.1.4',5,6),(313,'100.0.6.7','100.1.68.52','100.0.1.2',3,8),(314,'100.0.1.7','100.9.99.30','100.0.4.5',4,5),(315,'100.0.6.2','100.4.40.99','100.0.4.6',3,7),(316,'100.0.2.6','100.1.13.71','100.0.6.5',3,1),(317,'100.0.8.4','100.0.42.49','100.0.7.2',0,8),(318,'100.0.3.4','100.8.40.92','100.0.3.1',1,2),(319,'100.0.6.1','100.5.37.72','100.0.8.7',4,9),(320,'100.0.5.9','100.3.46.96','100.0.9.6',2,3),(321,'100.0.1.7','100.6.71.22','100.0.8.5',3,9),(322,'100.0.5.7','100.1.02.40','100.0.7.8',0,9),(323,'100.0.3.2','100.4.83.10','100.0.9.6',3,9),(324,'100.0.8.3','100.7.82.39','100.0.5.5',6,9),(325,'100.0.2.4','100.4.71.19','100.0.4.6',6,1),(326,'100.0.4.8','100.5.22.67','100.0.2.3',0,9),(327,'100.0.2.7','100.0.92.73','100.0.7.8',9,6),(328,'100.0.1.7','100.2.97.47','100.0.4.0',7,1),(329,'100.0.9.9','100.0.33.43','100.0.2.4',6,7),(330,'100.0.3.7','100.2.12.00','100.0.3.4',5,3),(331,'100.0.3.3','100.1.93.47','100.0.1.7',3,8),(332,'100.0.9.1','100.2.66.36','100.0.1.9',2,6),(333,'100.0.1.3','100.6.83.22','100.0.5.4',4,5),(334,'100.0.9.7','100.9.58.09','100.0.9.9',3,8),(335,'100.0.8.3','100.9.86.17','100.0.9.7',7,5),(336,'100.0.0.4','100.3.52.40','100.0.8.8',3,10),(337,'100.0.5.2','100.9.47.37','100.0.8.6',7,4),(338,'100.0.1.3','100.7.69.98','100.0.4.6',4,9),(339,'100.0.8.9','100.1.45.06','100.0.7.6',3,10),(340,'100.0.0.5','100.5.20.15','100.0.2.3',6,7),(341,'100.0.6.3','100.0.64.45','100.0.9.2',2,2),(342,'100.0.4.9','100.7.40.20','100.0.9.9',5,3),(343,'100.0.4.0','100.4.12.53','100.0.6.6',7,4),(344,'100.0.0.4','100.2.31.91','100.0.6.8',4,4),(345,'100.0.2.2','100.2.29.71','100.0.3.8',3,5),(346,'100.0.1.0','100.4.71.14','100.0.2.8',1,10),(347,'100.0.1.1','100.1.83.90','100.0.8.2',2,2),(348,'100.0.4.5','100.8.99.49','100.0.3.7',7,3),(349,'100.0.3.6','100.1.76.96','100.0.8.0',7,5),(350,'100.0.2.6','100.2.67.44','100.0.0.4',9,9),(351,'100.0.1.3','100.2.05.43','100.0.0.5',8,10),(352,'100.0.1.1','100.7.39.72','100.0.9.4',1,8),(353,'100.0.3.6','100.3.29.98','100.0.7.6',7,7),(354,'100.0.4.2','100.1.25.53','100.0.9.6',1,3),(355,'100.0.3.4','100.3.25.56','100.0.4.7',6,1),(356,'100.0.0.7','100.3.58.50','100.0.9.7',1,8),(357,'100.0.9.9','100.5.25.79','100.0.4.7',0,2),(358,'100.0.1.3','100.3.67.16','100.0.7.9',4,3),(359,'100.0.2.5','100.8.10.27','100.0.5.6',3,5),(360,'100.0.8.4','100.3.82.95','100.0.5.7',8,4),(361,'100.0.6.5','100.7.68.06','100.0.1.7',4,7),(362,'100.0.9.0','100.7.70.37','100.0.0.1',5,9),(363,'100.0.3.6','100.5.78.55','100.0.1.7',0,7),(364,'100.0.2.2','100.0.00.26','100.0.5.0',3,2),(365,'100.0.2.5','100.5.71.28','100.0.8.8',3,5),(366,'100.0.0.8','100.6.75.56','100.0.7.3',4,8),(367,'100.0.6.8','100.2.99.16','100.0.3.7',0,4),(368,'100.0.3.1','100.8.69.78','100.0.8.2',6,10),(369,'100.0.8.2','100.1.88.29','100.0.5.2',6,7),(370,'100.0.3.3','100.1.47.32','100.0.3.0',8,8),(371,'100.0.9.4','100.4.76.74','100.0.6.6',9,1),(372,'100.0.1.3','100.7.65.36','100.0.7.7',3,9),(373,'100.0.1.8','100.1.44.75','100.0.7.1',2,1),(374,'100.0.4.1','100.6.76.74','100.0.2.1',7,3),(375,'100.0.6.6','100.7.25.85','100.0.7.9',5,9),(376,'100.0.6.3','100.8.07.89','100.0.0.8',1,1),(377,'100.0.5.9','100.9.54.93','100.0.3.5',7,10),(378,'100.0.4.6','100.3.36.04','100.0.4.0',2,9),(379,'100.0.4.3','100.2.80.33','100.0.3.1',9,3),(380,'100.0.1.0','100.5.43.79','100.0.2.6',3,1),(381,'100.0.7.2','100.9.44.22','100.0.4.2',5,8),(382,'100.0.5.9','100.9.56.63','100.0.7.3',8,8),(383,'100.0.0.5','100.1.71.98','100.0.2.3',8,1),(384,'100.0.4.6','100.8.21.75','100.0.6.3',9,1),(385,'100.0.6.6','100.2.82.80','100.0.6.9',9,5),(386,'100.0.5.7','100.5.67.84','100.0.7.4',9,2),(387,'100.0.4.1','100.5.76.18','100.0.9.9',2,7),(388,'100.0.9.1','100.5.54.13','100.0.0.1',4,4),(389,'100.0.5.5','100.5.54.38','100.0.3.5',0,9),(390,'100.0.1.6','100.6.83.32','100.0.9.1',7,1),(391,'100.0.0.6','100.8.42.14','100.0.2.4',2,5),(392,'100.0.5.6','100.2.03.29','100.0.8.8',8,6),(393,'100.0.8.0','100.5.49.34','100.0.0.1',8,3),(394,'100.0.6.7','100.6.97.33','100.0.5.3',9,6),(395,'100.0.2.8','100.3.12.96','100.0.5.8',0,4),(396,'100.0.1.9','100.2.81.89','100.0.3.1',9,6),(397,'100.0.5.3','100.5.72.05','100.0.8.1',4,6),(398,'100.0.1.6','100.1.84.97','100.0.0.1',4,8),(399,'100.0.4.5','100.1.66.03','100.0.8.5',4,3),(400,'100.0.0.6','100.7.41.24','100.0.3.5',9,8),(401,'100.0.9.8','100.4.54.83','100.0.7.6',8,3),(402,'100.0.0.7','100.3.07.78','100.0.6.2',0,5),(403,'100.0.2.7','100.4.89.08','100.0.4.4',3,9),(404,'100.0.7.9','100.7.79.96','100.0.6.2',6,7),(405,'100.0.4.4','100.1.52.73','100.0.9.3',1,4),(406,'100.0.0.6','100.3.78.52','100.0.9.7',2,3),(407,'100.0.7.4','100.3.23.44','100.0.7.5',5,1),(408,'100.0.7.0','100.5.55.42','100.0.8.0',2,3),(409,'100.0.7.3','100.6.14.90','100.0.0.2',9,7),(410,'100.0.1.9','100.7.77.04','100.0.8.8',5,7),(411,'100.0.5.9','100.4.58.72','100.0.9.0',3,9),(412,'100.0.9.1','100.0.50.07','100.0.6.3',1,1),(413,'100.0.0.5','100.6.26.21','100.0.8.6',1,6),(414,'100.0.6.3','100.6.32.43','100.0.6.0',7,4),(415,'100.0.1.9','100.5.07.13','100.0.4.7',7,3),(416,'100.0.3.5','100.5.19.83','100.0.0.6',0,2),(417,'100.0.0.0','100.1.61.66','100.0.7.7',5,7),(418,'100.0.1.1','100.8.14.21','100.0.5.0',0,4),(419,'100.0.1.9','100.8.12.85','100.0.3.9',9,6),(420,'100.0.0.1','100.2.48.36','100.0.4.5',7,10),(421,'100.0.2.8','100.4.86.17','100.0.8.3',4,3),(422,'100.0.5.9','100.6.66.44','100.0.8.4',0,2),(423,'100.0.6.5','100.4.49.85','100.0.5.7',1,4),(424,'100.0.5.1','100.4.43.57','100.0.7.0',0,9),(425,'100.0.1.1','100.0.40.80','100.0.5.5',3,8),(426,'100.0.1.1','100.2.71.11','100.0.5.6',6,2),(427,'100.0.6.2','100.8.44.96','100.0.5.8',5,8),(428,'100.0.9.6','100.8.77.79','100.0.7.2',6,4),(429,'100.0.5.4','100.0.18.66','100.0.3.1',1,5),(430,'100.0.0.5','100.5.60.58','100.0.2.1',5,6),(431,'100.0.4.8','100.1.22.52','100.0.9.2',4,1),(432,'100.0.4.4','100.7.88.12','100.0.4.4',2,7),(433,'100.0.6.9','100.6.06.27','100.0.6.3',9,6),(434,'100.0.4.9','100.9.45.55','100.0.6.1',7,6),(435,'100.0.1.7','100.4.61.08','100.0.4.6',6,7),(436,'100.0.0.8','100.9.74.99','100.0.2.4',9,9),(437,'100.0.0.0','100.7.45.51','100.0.6.6',9,7),(438,'100.0.5.0','100.8.02.65','100.0.1.9',0,1),(439,'100.0.8.4','100.2.58.88','100.0.6.6',3,10),(440,'100.0.1.9','100.2.86.18','100.0.3.3',6,4),(441,'100.0.2.3','100.5.40.78','100.0.5.5',3,7),(442,'100.0.9.7','100.6.19.06','100.0.1.2',8,6),(443,'100.0.3.9','100.1.31.66','100.0.0.6',3,1),(444,'100.0.0.1','100.4.80.76','100.0.4.1',8,4),(445,'100.0.3.2','100.4.74.12','100.0.9.9',8,4),(446,'100.0.5.2','100.2.91.32','100.0.7.9',9,3),(447,'100.0.8.5','100.5.38.90','100.0.8.1',5,9),(448,'100.0.5.7','100.7.87.15','100.0.7.3',4,10),(449,'100.0.3.5','100.4.84.56','100.0.3.3',9,1),(450,'100.0.1.0','100.1.17.30','100.0.8.8',9,4),(451,'100.0.1.3','100.9.64.69','100.0.8.8',1,6),(452,'100.0.3.9','100.6.54.14','100.0.2.5',1,9),(453,'100.0.6.7','100.8.55.69','100.0.9.3',0,4),(454,'100.0.8.0','100.9.78.97','100.0.3.4',7,9),(455,'100.0.5.6','100.8.51.65','100.0.3.8',3,3),(456,'100.0.3.8','100.4.59.85','100.0.5.3',9,2),(457,'100.0.8.9','100.5.44.61','100.0.7.9',0,4),(458,'100.0.7.6','100.5.60.76','100.0.3.6',2,5),(459,'100.0.3.8','100.6.16.04','100.0.4.7',2,10),(460,'100.0.5.5','100.4.94.20','100.0.8.5',6,4),(461,'100.0.6.2','100.8.18.46','100.0.4.2',9,7),(462,'100.0.3.6','100.8.66.78','100.0.8.8',4,8),(463,'100.0.3.3','100.7.99.57','100.0.8.1',9,4),(464,'100.0.2.5','100.3.14.49','100.0.1.2',9,2),(465,'100.0.8.0','100.5.66.83','100.0.5.3',0,3),(466,'100.0.1.2','100.3.68.39','100.0.0.9',7,6),(467,'100.0.0.0','100.1.97.62','100.0.6.3',7,6),(468,'100.0.1.7','100.2.87.00','100.0.3.1',2,7),(469,'100.0.7.7','100.5.40.75','100.0.0.2',8,10),(470,'100.0.2.5','100.8.23.44','100.0.5.9',5,3),(471,'100.0.1.8','100.4.50.31','100.0.7.8',4,7),(472,'100.0.4.5','100.4.42.28','100.0.9.4',1,8),(473,'100.0.6.9','100.5.90.19','100.0.8.2',0,9),(474,'100.0.6.9','100.4.75.74','100.0.4.6',4,4),(475,'100.0.8.4','100.0.39.10','100.0.6.7',8,4),(476,'100.0.0.9','100.9.95.04','100.0.5.9',7,3),(477,'100.0.5.4','100.9.46.46','100.0.3.4',2,2),(478,'100.0.3.6','100.4.87.00','100.0.3.3',6,10),(479,'100.0.4.4','100.1.60.47','100.0.2.2',5,5),(480,'100.0.0.4','100.9.53.54','100.0.5.7',3,8),(481,'100.0.9.8','100.9.67.59','100.0.4.9',4,9),(482,'100.0.3.0','100.4.04.86','100.0.4.8',0,8),(483,'100.0.4.0','100.9.65.78','100.0.6.3',3,9),(484,'100.0.7.3','100.6.52.68','100.0.3.9',1,3),(485,'100.0.3.2','100.6.93.59','100.0.8.0',4,10),(486,'100.0.8.2','100.1.28.87','100.0.8.1',1,10),(487,'100.0.9.4','100.8.74.42','100.0.0.7',0,9),(488,'100.0.1.7','100.7.89.50','100.0.8.4',9,7),(489,'100.0.2.1','100.9.20.72','100.0.4.1',0,4),(490,'100.0.0.2','100.8.91.44','100.0.5.3',1,3),(491,'100.0.0.3','100.5.91.55','100.0.2.4',2,4),(492,'100.0.2.1','100.3.22.59','100.0.4.8',7,2),(493,'100.0.8.9','100.8.20.98','100.0.1.7',3,1),(494,'100.0.5.0','100.7.12.58','100.0.4.3',2,9),(495,'100.0.5.8','100.4.40.90','100.0.1.2',7,5),(496,'100.0.3.9','100.1.77.79','100.0.2.7',6,7),(497,'100.0.5.3','100.6.30.30','100.0.3.4',3,5),(498,'100.0.2.5','100.0.02.87','100.0.3.7',2,6),(499,'100.0.6.3','100.8.99.90','100.0.7.6',8,4),(500,'100.0.3.6','100.2.04.72','100.0.3.0',6,3);
/*!40000 ALTER TABLE `iptable` ENABLE KEYS */;
UNLOCK TABLES;

--
-- Table structure for table `ldns`
--

DROP TABLE IF EXISTS `ldns`;
/*!40101 SET @saved_cs_client     = @@character_set_client */;
/*!40101 SET character_set_client = utf8 */;
CREATE TABLE `ldns` (
  `id` int(11) NOT NULL AUTO_INCREMENT,
  `name` varchar(127) NOT NULL,
  `addr` varchar(40) NOT NULL,
  `typ` varchar(32) NOT NULL DEFAULT 'A',
  `enable` tinyint(1) NOT NULL DEFAULT '1',
  `unavailable` smallint(5) unsigned NOT NULL DEFAULT '0' COMMENT 'if other than zero, ldns is unavailable with each bit indicate different reason',
  PRIMARY KEY (`id`),
  UNIQUE KEY `name` (`name`)
) ENGINE=InnoDB AUTO_INCREMENT=21 DEFAULT CHARSET=utf8 COMMENT='upstream ldns info';
/*!40101 SET character_set_client = @saved_cs_client */;

--
-- Dumping data for table `ldns`
--

LOCK TABLES `ldns` WRITE;
/*!40000 ALTER TABLE `ldns` DISABLE KEYS */;
INSERT INTO `ldns` VALUES (1,'110-4423 Molestie St.','74.65.73.20','normal',1,0),(2,'8513 Semper St.','71.96.88.16','normal',1,0),(3,'9883 Amet Rd.','28.74.31.50','normal',1,0),(4,'P.O. Box 430, 9655 Dolor. Street','54.83.67.94','normal',1,0),(5,'687-6534 Phasellus Avenue','76.76.28.68','normal',1,0),(6,'P.O. Box 816, 9806 Elementum, Road','56.77.57.88','normal',1,0),(7,'1713 Feugiat. St.','94.28.65.60','normal',1,0),(8,'Ap #136-5214 Dictum. Rd.','20.30.19.21','normal',1,0),(9,'946-4300 Eu Rd.','62.95.37.91','normal',1,0),(10,'Ap #367-4703 Montes, Road','55.04.57.78','normal',1,0),(11,'P.O. Box 358, 9021 In Av.','78.50.57.50','normal',1,0),(12,'2436 Interdum Street','72.84.31.39','normal',1,0),(13,'160-8660 Turpis Road','69.38.97.82','normal',1,0),(14,'658-1063 Pellentesque St.','40.75.59.21','normal',1,0),(15,'Ap #788-3863 Sem Rd.','57.47.59.70','normal',1,0),(16,'Ap #403-3837 Mauris Street','77.81.56.44','normal',1,0),(17,'4752 Elit, St.','48.23.94.19','normal',1,0),(18,'P.O. Box 160, 8327 Sem St.','75.52.70.26','normal',1,0),(19,'6463 Integer Rd.','20.75.92.21','normal',1,0),(20,'347-1471 Interdum. Av.','69.64.67.75','normal',1,0);
/*!40000 ALTER TABLE `ldns` ENABLE KEYS */;
UNLOCK TABLES;

--
-- Table structure for table `netlink`
--

DROP TABLE IF EXISTS `netlink`;
/*!40101 SET @saved_cs_client     = @@character_set_client */;
/*!40101 SET character_set_client = utf8 */;
CREATE TABLE `netlink` (
  `id` int(11) NOT NULL AUTO_INCREMENT,
  `isp` varchar(127) NOT NULL,
  `region` varchar(127) NOT NULL,
  `typ` varchar(32) NOT NULL DEFAULT 'normal',
  PRIMARY KEY (`id`)
) ENGINE=InnoDB AUTO_INCREMENT=11 DEFAULT CHARSET=utf8 COMMENT='netlink (isp + province or CP) of a target ip';
/*!40101 SET character_set_client = @saved_cs_client */;

--
-- Dumping data for table `netlink`
--

LOCK TABLES `netlink` WRITE;
/*!40000 ALTER TABLE `netlink` DISABLE KEYS */;
INSERT INTO `netlink` VALUES (1,'unknown','unknown','normal'),(2,'Saint Martin','','normal'),(3,'Puerto Rico','Wyoming','normal'),(4,'Thailand','Kujawsko-pomorskie','normal'),(5,'Colombia','','normal'),(6,'Cameroon','BO','normal'),(7,'Qatar','SK','normal'),(8,'Bahamas','Maopolskie','normal'),(9,'Afghanistan','LA','normal'),(10,'Guernsey','MA','normal');
/*!40000 ALTER TABLE `netlink` ENABLE KEYS */;
UNLOCK TABLES;

--
-- Temporary view structure for view `netlink_view`
--

DROP TABLE IF EXISTS `netlink_view`;
/*!50001 DROP VIEW IF EXISTS `netlink_view`*/;
SET @saved_cs_client     = @@character_set_client;
SET character_set_client = utf8;
/*!50001 CREATE VIEW `netlink_view` AS SELECT 
 1 AS `iptable_id`,
 1 AS `ip_start`,
 1 AS `ip_start_int`,
 1 AS `ip_end`,
 1 AS `ip_end_int`,
 1 AS `ipnet`,
 1 AS `mask`,
 1 AS `netlink_id`,
 1 AS `isp`,
 1 AS `region`,
 1 AS `typ`*/;
SET character_set_client = @saved_cs_client;

--
-- Table structure for table `netlinkset`
--

DROP TABLE IF EXISTS `netlinkset`;
/*!40101 SET @saved_cs_client     = @@character_set_client */;
/*!40101 SET character_set_client = utf8 */;
CREATE TABLE `netlinkset` (
  `id` int(11) NOT NULL AUTO_INCREMENT,
  `name` varchar(127) NOT NULL,
  PRIMARY KEY (`id`),
  UNIQUE KEY `name` (`name`)
) ENGINE=InnoDB AUTO_INCREMENT=51 DEFAULT CHARSET=utf8 COMMENT='netlink set ';
/*!40101 SET character_set_client = @saved_cs_client */;

--
-- Dumping data for table `netlinkset`
--

LOCK TABLES `netlinkset` WRITE;
/*!40000 ALTER TABLE `netlinkset` DISABLE KEYS */;
INSERT INTO `netlinkset` VALUES (47,'American Samoa'),(23,'Andorra'),(22,'Angola'),(29,'Antarctica'),(27,'Armenia'),(8,'Australia'),(36,'Bahrain'),(38,'Bermuda'),(35,'Botswana'),(6,'Brunei'),(9,'Bulgaria'),(1,'Cook Islands'),(40,'Czech Republic'),(44,'Denmark'),(14,'Dominican Republic'),(50,'El Salvador'),(41,'Faroe Islands'),(4,'French Southern Territories'),(2,'Guatemala'),(43,'Guyana'),(42,'Heard Island and Mcdonald Islands'),(13,'India'),(5,'Iraq'),(24,'Jordan'),(25,'Latvia'),(37,'Lithuania'),(21,'Malaysia'),(33,'Maldives'),(28,'Malta'),(46,'Mongolia'),(17,'Myanmar'),(26,'Namibia'),(39,'New Caledonia'),(32,'Nicaragua'),(49,'Peru'),(16,'Philippines'),(15,'Qatar'),(18,'Romania'),(7,'Russian Federation'),(3,'Saint Barthlemy'),(19,'South Africa'),(45,'Syria'),(48,'Tajikistan'),(12,'Tunisia'),(30,'Tuvalu'),(10,'Ukraine');
/*!40000 ALTER TABLE `netlinkset` ENABLE KEYS */;
UNLOCK TABLES;

--
-- Temporary view structure for view `netlinkset_view`
--

DROP TABLE IF EXISTS `netlinkset_view`;
/*!50001 DROP VIEW IF EXISTS `netlinkset_view`*/;
SET @saved_cs_client     = @@character_set_client;
SET character_set_client = utf8;
/*!50001 CREATE VIEW `netlinkset_view` AS SELECT 
 1 AS `domain_pool_id`,
 1 AS `netlink_id`,
 1 AS `netlinkset_id`,
 1 AS `domain_pool_name`,
 1 AS `isp`,
 1 AS `region`*/;
SET character_set_client = @saved_cs_client;

--
-- Table structure for table `outlink`
--

DROP TABLE IF EXISTS `outlink`;
/*!40101 SET @saved_cs_client     = @@character_set_client */;
/*!40101 SET character_set_client = utf8 */;
CREATE TABLE `outlink` (
  `id` int(11) NOT NULL AUTO_INCREMENT,
  `name` varchar(127) NOT NULL,
  `addr` varchar(40) NOT NULL,
  `typ` varchar(32) NOT NULL DEFAULT 'normal',
  `enable` tinyint(1) NOT NULL DEFAULT '1',
  `unavailable` smallint(5) unsigned NOT NULL DEFAULT '0' COMMENT 'if other than zero, outlink is unavailable, each bit indicate different reason',
  PRIMARY KEY (`id`),
  UNIQUE KEY `name` (`name`)
) ENGINE=InnoDB AUTO_INCREMENT=11 DEFAULT CHARSET=utf8 COMMENT='network gateway, aka outlink';
/*!40101 SET character_set_client = @saved_cs_client */;

--
-- Dumping data for table `outlink`
--

LOCK TABLES `outlink` WRITE;
/*!40000 ALTER TABLE `outlink` DISABLE KEYS */;
INSERT INTO `outlink` VALUES (1,'92338','velit','normal',1,0),(2,'41827','laoreet','normal',1,0),(3,'505597','nulla.','normal',1,0),(4,'416569','senectus','normal',1,0),(5,'87-161','pretium','normal',1,0),(6,'08329','aliquet','normal',1,0),(7,'862834','sit','normal',1,0),(8,'86952','Sed','normal',1,0),(9,'792553','ac,','normal',1,0),(10,'23135','orci','normal',1,0);
/*!40000 ALTER TABLE `outlink` ENABLE KEYS */;
UNLOCK TABLES;

--
-- Table structure for table `policy`
--

DROP TABLE IF EXISTS `policy`;
/*!40101 SET @saved_cs_client     = @@character_set_client */;
/*!40101 SET character_set_client = utf8 */;
CREATE TABLE `policy` (
  `id` int(11) NOT NULL AUTO_INCREMENT,
  `name` varchar(127) NOT NULL,
  PRIMARY KEY (`id`),
  UNIQUE KEY `name` (`name`)
) ENGINE=InnoDB AUTO_INCREMENT=11 DEFAULT CHARSET=utf8 COMMENT='policy index of choose ldns upstream forwarder';
/*!40101 SET character_set_client = @saved_cs_client */;

--
-- Dumping data for table `policy`
--

LOCK TABLES `policy` WRITE;
/*!40000 ALTER TABLE `policy` DISABLE KEYS */;
INSERT INTO `policy` VALUES (1,'policy1'),(10,'policy10'),(2,'policy2'),(3,'policy3'),(4,'policy4'),(5,'policy5'),(6,'policy6'),(7,'policy7'),(8,'policy8'),(9,'policy9');
/*!40000 ALTER TABLE `policy` ENABLE KEYS */;
UNLOCK TABLES;

--
-- Table structure for table `policy_detail`
--

DROP TABLE IF EXISTS `policy_detail`;
/*!40101 SET @saved_cs_client     = @@character_set_client */;
/*!40101 SET character_set_client = utf8 */;
CREATE TABLE `policy_detail` (
  `id` int(11) NOT NULL AUTO_INCREMENT,
  `policy_id` int(11) NOT NULL,
  `policy_sequence` int(11) NOT NULL DEFAULT '0',
  `enable` tinyint(1) NOT NULL DEFAULT '1',
  `priority` smallint(6) NOT NULL DEFAULT '20',
  `weight` smallint(6) NOT NULL DEFAULT '100',
  `op` varchar(127) NOT NULL DEFAULT 'and',
  `op_typ` varchar(32) NOT NULL DEFAULT 'builtin',
  `ldns_id` int(11) NOT NULL,
  `rrset_id` int(11) DEFAULT NULL,
  PRIMARY KEY (`id`),
  KEY `ldns_id` (`ldns_id`),
  KEY `rrset_id` (`rrset_id`),
  KEY `policy_id` (`policy_id`),
  CONSTRAINT `policy_detail_ibfk_1` FOREIGN KEY (`ldns_id`) REFERENCES `ldns` (`id`),
  CONSTRAINT `policy_detail_ibfk_2` FOREIGN KEY (`rrset_id`) REFERENCES `rrset` (`id`),
  CONSTRAINT `policy_detail_ibfk_3` FOREIGN KEY (`policy_id`) REFERENCES `policy` (`id`) ON DELETE CASCADE
) ENGINE=InnoDB AUTO_INCREMENT=101 DEFAULT CHARSET=utf8 COMMENT='policy detail of choose ldns upstream forwarder';
/*!40101 SET character_set_client = @saved_cs_client */;

--
-- Dumping data for table `policy_detail`
--

LOCK TABLES `policy_detail` WRITE;
/*!40000 ALTER TABLE `policy_detail` DISABLE KEYS */;
INSERT INTO `policy_detail` VALUES (1,6,1,1,10,100,'and','builtin',1,NULL),(2,7,2,1,10,100,'and','builtin',6,NULL),(3,8,1,1,20,100,'and','builtin',6,NULL),(4,5,1,1,20,100,'and','builtin',11,NULL),(5,10,1,1,10,100,'and','builtin',1,NULL),(6,3,1,1,10,100,'and','builtin',9,NULL),(7,7,2,1,20,100,'and','builtin',6,NULL),(8,2,2,1,20,100,'and','builtin',19,NULL),(9,7,1,1,10,100,'and','builtin',14,NULL),(10,9,2,1,10,100,'and','builtin',19,NULL),(11,6,2,1,20,100,'and','builtin',12,NULL),(12,4,2,1,20,100,'and','builtin',14,NULL),(13,4,1,1,10,100,'and','builtin',11,NULL),(14,7,2,1,10,100,'and','builtin',11,NULL),(15,9,2,1,20,100,'and','builtin',5,NULL),(16,9,1,1,20,100,'and','builtin',3,NULL),(17,9,2,1,10,100,'and','builtin',14,NULL),(18,7,1,1,10,100,'and','builtin',15,NULL),(19,10,2,1,20,100,'and','builtin',12,NULL),(20,6,2,1,20,100,'and','builtin',17,NULL),(21,4,2,1,10,100,'and','builtin',5,NULL),(22,6,1,1,10,100,'and','builtin',9,NULL),(23,1,2,1,20,100,'and','builtin',7,NULL),(24,8,1,1,20,100,'and','builtin',4,NULL),(25,4,1,1,10,100,'and','builtin',13,NULL),(26,4,1,1,10,100,'and','builtin',11,NULL),(27,3,1,1,20,100,'and','builtin',18,NULL),(28,6,1,1,20,100,'and','builtin',1,NULL),(29,1,1,1,10,100,'and','builtin',12,NULL),(30,6,1,1,10,100,'and','builtin',11,NULL),(31,10,1,1,20,100,'and','builtin',14,NULL),(32,3,2,1,20,100,'and','builtin',5,NULL),(33,6,1,1,10,100,'and','builtin',12,NULL),(34,4,2,1,10,100,'and','builtin',8,NULL),(35,4,2,1,20,100,'and','builtin',12,NULL),(36,10,1,1,20,100,'and','builtin',19,NULL),(37,3,2,1,10,100,'and','builtin',10,NULL),(38,10,2,1,10,100,'and','builtin',1,NULL),(39,9,2,1,20,100,'and','builtin',14,NULL),(40,8,2,1,20,100,'and','builtin',2,NULL),(41,2,2,1,10,100,'and','builtin',11,NULL),(42,6,2,1,10,100,'and','builtin',20,NULL),(43,5,1,1,20,100,'and','builtin',17,NULL),(44,3,1,1,20,100,'and','builtin',18,NULL),(45,10,1,1,10,100,'and','builtin',13,NULL),(46,1,2,1,10,100,'and','builtin',9,NULL),(47,2,1,1,20,100,'and','builtin',17,NULL),(48,8,1,1,20,100,'and','builtin',14,NULL),(49,1,1,1,10,100,'and','builtin',8,NULL),(50,4,2,1,10,100,'and','builtin',4,NULL),(51,8,1,1,20,100,'and','builtin',11,NULL),(52,5,1,1,20,100,'and','builtin',11,NULL),(53,2,1,1,10,100,'and','builtin',6,NULL),(54,2,1,1,10,100,'and','builtin',7,NULL),(55,6,2,1,20,100,'and','builtin',8,NULL),(56,4,2,1,20,100,'and','builtin',19,NULL),(57,7,2,1,10,100,'and','builtin',14,NULL),(58,4,1,1,10,100,'and','builtin',17,NULL),(59,7,2,1,20,100,'and','builtin',18,NULL),(60,1,2,1,20,100,'and','builtin',5,NULL),(61,8,2,1,10,100,'and','builtin',14,NULL),(62,9,2,1,10,100,'and','builtin',12,NULL),(63,7,1,1,20,100,'and','builtin',7,NULL),(64,7,1,1,20,100,'and','builtin',16,NULL),(65,2,2,1,10,100,'and','builtin',1,NULL),(66,9,1,1,10,100,'and','builtin',9,NULL),(67,6,2,1,20,100,'and','builtin',4,NULL),(68,4,1,1,20,100,'and','builtin',16,NULL),(69,5,2,1,10,100,'and','builtin',20,NULL),(70,10,2,1,10,100,'and','builtin',14,NULL),(71,5,2,1,20,100,'and','builtin',4,NULL),(72,9,1,1,20,100,'and','builtin',14,NULL),(73,1,1,1,10,100,'and','builtin',13,NULL),(74,9,2,1,10,100,'and','builtin',15,NULL),(75,10,2,1,20,100,'and','builtin',16,NULL),(76,6,1,1,20,100,'and','builtin',9,NULL),(77,6,2,1,10,100,'and','builtin',16,NULL),(78,10,2,1,10,100,'and','builtin',1,NULL),(79,6,2,1,20,100,'and','builtin',3,NULL),(80,6,1,1,20,100,'and','builtin',2,NULL),(81,8,1,1,10,100,'and','builtin',3,NULL),(82,4,1,1,10,100,'and','builtin',6,NULL),(83,8,2,1,20,100,'and','builtin',3,NULL),(84,5,2,1,20,100,'and','builtin',1,NULL),(85,7,2,1,10,100,'and','builtin',3,NULL),(86,8,1,1,10,100,'and','builtin',9,NULL),(87,1,1,1,20,100,'and','builtin',5,NULL),(88,1,2,1,20,100,'and','builtin',5,NULL),(89,8,1,1,10,100,'and','builtin',18,NULL),(90,1,2,1,10,100,'and','builtin',5,NULL),(91,1,2,1,20,100,'and','builtin',6,NULL),(92,9,1,1,20,100,'and','builtin',3,NULL),(93,1,2,1,10,100,'and','builtin',4,NULL),(94,8,1,1,10,100,'and','builtin',8,NULL),(95,9,1,1,20,100,'and','builtin',13,NULL),(96,2,2,1,20,100,'and','builtin',20,NULL),(97,3,1,1,10,100,'and','builtin',4,NULL),(98,3,1,1,10,100,'and','builtin',19,NULL),(99,7,1,1,20,100,'and','builtin',12,NULL),(100,2,1,1,20,100,'and','builtin',2,NULL);
/*!40000 ALTER TABLE `policy_detail` ENABLE KEYS */;
UNLOCK TABLES;

--
-- Temporary view structure for view `policy_view`
--

DROP TABLE IF EXISTS `policy_view`;
/*!50001 DROP VIEW IF EXISTS `policy_view`*/;
SET @saved_cs_client     = @@character_set_client;
SET character_set_client = utf8;
/*!50001 CREATE VIEW `policy_view` AS SELECT 
 1 AS `ipset_id`,
 1 AS `domain_pool_id`,
 1 AS `policy_id`,
 1 AS `policy_name`,
 1 AS `policy_sequence`,
 1 AS `priority`,
 1 AS `weight`,
 1 AS `op`,
 1 AS `op_typ`,
 1 AS `ldns_id`,
 1 AS `name`,
 1 AS `addr`,
 1 AS `typ`,
 1 AS `rrset_id`*/;
SET character_set_client = @saved_cs_client;

--
-- Table structure for table `route`
--

DROP TABLE IF EXISTS `route`;
/*!40101 SET @saved_cs_client     = @@character_set_client */;
/*!40101 SET character_set_client = utf8 */;
CREATE TABLE `route` (
  `id` int(11) NOT NULL AUTO_INCREMENT,
  `outlink_id` int(11) NOT NULL,
  `netlinkset_id` int(11) NOT NULL,
  `routeset_id` int(11) NOT NULL,
  `enable` tinyint(1) NOT NULL DEFAULT '1',
  `priority` smallint(6) NOT NULL DEFAULT '20',
  `score` smallint(6) NOT NULL DEFAULT '50' COMMENT 'netlink performance index',
  `unavailable` smallint(5) unsigned NOT NULL DEFAULT '0' COMMENT 'if other than zero, route is unavailable, each bit indicate different reason',
  PRIMARY KEY (`id`),
  UNIQUE KEY `netlinkset_id` (`netlinkset_id`,`outlink_id`,`routeset_id`),
  KEY `outlink_id` (`outlink_id`),
  KEY `routeset_id` (`routeset_id`),
  CONSTRAINT `route_ibfk_1` FOREIGN KEY (`outlink_id`) REFERENCES `outlink` (`id`),
  CONSTRAINT `route_ibfk_2` FOREIGN KEY (`netlinkset_id`) REFERENCES `netlinkset` (`id`),
  CONSTRAINT `route_ibfk_3` FOREIGN KEY (`routeset_id`) REFERENCES `routeset` (`id`) ON DELETE CASCADE
) ENGINE=InnoDB AUTO_INCREMENT=201 DEFAULT CHARSET=utf8 COMMENT='Performance of using gateway to serve paricular netlink';
/*!40101 SET character_set_client = @saved_cs_client */;

--
-- Dumping data for table `route`
--

LOCK TABLES `route` WRITE;
/*!40000 ALTER TABLE `route` DISABLE KEYS */;
INSERT INTO `route` VALUES (1,3,5,15,1,20,47,0),(2,3,5,23,1,20,41,0),(3,8,9,1,1,20,47,0),(4,1,5,18,1,20,50,0),(5,1,7,23,1,20,46,0),(6,1,2,30,1,20,49,0),(7,9,1,15,1,20,57,0),(8,1,6,2,1,20,57,0),(9,8,7,21,1,20,51,0),(10,10,1,11,1,20,49,0),(11,7,1,5,1,20,50,0),(12,1,5,25,1,20,44,0),(13,10,9,18,1,20,48,0),(14,1,9,3,1,20,43,0),(15,5,10,11,1,20,60,0),(16,2,4,22,1,20,47,0),(17,7,2,12,1,20,49,0),(18,10,8,2,1,20,56,0),(19,5,3,11,1,20,58,0),(20,7,1,9,1,20,56,0),(21,6,8,20,1,20,57,0),(22,2,4,3,1,20,54,0),(23,4,5,28,1,20,50,0),(24,5,10,26,1,20,60,0),(25,9,10,28,1,20,58,0),(26,4,10,18,1,20,42,0),(27,10,5,1,1,20,51,0),(28,2,9,8,1,20,55,0),(29,7,8,11,1,20,50,0),(30,2,6,23,1,20,42,0),(31,3,2,5,1,20,40,0),(32,2,10,6,1,20,51,0),(33,7,3,3,1,20,57,0),(34,5,3,2,1,20,45,0),(35,8,1,7,1,20,46,0),(36,4,7,17,1,20,47,0),(37,2,6,29,1,20,47,0),(38,10,7,16,1,20,59,0),(39,5,3,22,1,20,50,0),(40,1,3,2,1,20,40,0),(41,3,4,6,1,20,50,0),(42,2,2,1,1,20,54,0),(43,2,2,20,1,20,55,0),(44,10,1,23,1,20,50,0),(45,1,4,13,1,20,43,0),(46,7,3,9,1,20,56,0),(47,8,1,28,1,20,60,0),(48,6,6,11,1,20,47,0),(49,4,8,22,1,20,44,0),(50,4,7,29,1,20,40,0),(51,5,2,16,1,20,59,0),(52,6,5,30,1,20,54,0),(53,6,10,29,1,20,57,0),(54,3,6,21,1,20,45,0),(55,7,1,14,1,20,56,0),(56,6,5,21,1,20,54,0),(57,5,5,2,1,20,42,0),(58,1,7,17,1,20,52,0),(59,1,6,16,1,20,48,0),(60,6,8,26,1,20,55,0),(61,4,7,8,1,20,43,0),(62,6,7,4,1,20,43,0),(63,7,1,28,1,20,53,0),(64,2,5,29,1,20,48,0),(65,1,8,25,1,20,53,0),(66,6,7,23,1,20,43,0),(67,6,7,12,1,20,56,0),(68,5,2,22,1,20,49,0),(69,7,6,27,1,20,40,0),(71,4,2,23,1,20,47,0),(72,9,3,25,1,20,57,0),(73,8,10,30,1,20,48,0),(74,10,6,8,1,20,43,0),(75,2,2,15,1,20,48,0),(76,5,10,8,1,20,42,0),(77,5,3,12,1,20,43,0),(78,3,7,9,1,20,42,0),(79,3,6,13,1,20,49,0),(80,8,5,18,1,20,59,0),(81,6,4,16,1,20,54,0),(82,5,2,19,1,20,58,0),(83,2,5,23,1,20,46,0),(84,9,5,19,1,20,59,0),(85,2,8,11,1,20,46,0),(86,6,4,13,1,20,57,0),(87,8,1,19,1,20,59,0),(88,8,9,11,1,20,59,0),(89,4,9,29,1,20,48,0),(90,5,10,17,1,20,50,0),(91,8,10,19,1,20,42,0),(92,7,8,14,1,20,49,0),(93,2,1,25,1,20,54,0),(94,6,6,10,1,20,50,0),(95,7,7,4,1,20,43,0),(96,2,7,14,1,20,51,0),(97,7,2,18,1,20,59,0),(98,3,7,27,1,20,57,0),(101,6,6,17,1,20,55,0),(102,2,8,28,1,20,51,0),(103,3,8,21,1,20,50,0),(104,8,4,6,1,20,51,0),(105,3,3,6,1,20,50,0),(106,3,10,11,1,20,42,0),(107,8,4,1,1,20,52,0),(108,1,5,8,1,20,46,0),(109,6,10,23,1,20,45,0),(110,1,5,23,1,20,53,0),(111,9,1,19,1,20,40,0),(112,9,6,11,1,20,55,0),(113,4,4,2,1,20,43,0),(114,2,9,26,1,20,49,0),(115,7,6,13,1,20,49,0),(116,4,9,10,1,20,40,0),(117,6,6,21,1,20,44,0),(118,8,1,10,1,20,42,0),(119,6,1,29,1,20,42,0),(121,5,6,22,1,20,52,0),(122,2,9,12,1,20,47,0),(123,3,9,5,1,20,43,0),(124,10,9,6,1,20,50,0),(125,2,9,14,1,20,47,0),(126,5,4,29,1,20,52,0),(127,3,9,23,1,20,40,0),(128,10,9,25,1,20,46,0),(129,3,4,17,1,20,43,0),(130,5,6,27,1,20,56,0),(131,10,4,8,1,20,52,0),(132,5,2,27,1,20,43,0),(133,2,1,30,1,20,45,0),(134,10,10,10,1,20,51,0),(135,7,4,20,1,20,49,0),(136,5,2,9,1,20,52,0),(137,2,6,13,1,20,46,0),(138,5,6,1,1,20,55,0),(139,8,4,20,1,20,60,0),(140,8,8,5,1,20,45,0),(141,7,4,30,1,20,58,0),(142,8,7,18,1,20,59,0),(143,8,9,26,1,20,49,0),(144,10,6,30,1,20,50,0),(145,5,1,19,1,20,50,0),(146,3,3,26,1,20,41,0),(147,1,3,8,1,20,53,0),(148,2,10,19,1,20,49,0),(149,1,4,7,1,20,60,0),(150,10,1,24,1,20,41,0),(151,7,10,13,1,20,43,0),(152,8,7,4,1,20,59,0),(153,1,9,11,1,20,55,0),(154,1,6,11,1,20,43,0),(155,5,7,11,1,20,40,0),(156,4,10,16,1,20,42,0),(157,3,4,15,1,20,46,0),(158,1,1,28,1,20,42,0),(159,1,9,15,1,20,50,0),(160,8,6,6,1,20,50,0),(161,4,9,16,1,20,55,0),(162,7,5,3,1,20,52,0),(163,9,7,8,1,20,45,0),(164,4,4,23,1,20,42,0),(165,8,8,12,1,20,43,0),(166,1,2,29,1,20,58,0),(167,7,10,25,1,20,58,0),(168,1,1,29,1,20,58,0),(169,9,4,2,1,20,47,0),(170,6,7,19,1,20,42,0),(171,1,5,15,1,20,44,0),(172,8,1,5,1,20,59,0),(173,2,6,3,1,20,50,0),(174,5,8,20,1,20,49,0),(175,4,5,14,1,20,57,0),(176,3,5,20,1,20,44,0),(177,10,1,10,1,20,51,0),(178,9,10,3,1,20,51,0),(179,5,8,28,1,20,47,0),(181,7,1,15,1,20,41,0),(182,8,1,14,1,20,55,0),(183,10,10,2,1,20,40,0),(184,9,8,14,1,20,52,0),(185,8,8,22,1,20,53,0),(186,5,2,8,1,20,45,0),(187,5,4,23,1,20,59,0),(188,7,6,20,1,20,52,0),(189,2,9,22,1,20,48,0),(190,5,4,9,1,20,45,0),(191,4,7,19,1,20,57,0),(192,3,2,23,1,20,50,0),(193,2,4,13,1,20,43,0),(194,8,9,3,1,20,51,0),(195,8,6,16,1,20,45,0),(196,5,10,22,1,20,50,0),(197,6,4,15,1,20,50,0),(198,7,6,8,1,20,51,0),(199,4,3,5,1,20,59,0);
/*!40000 ALTER TABLE `route` ENABLE KEYS */;
UNLOCK TABLES;

--
-- Temporary view structure for view `route_view`
--

DROP TABLE IF EXISTS `route_view`;
/*!50001 DROP VIEW IF EXISTS `route_view`*/;
SET @saved_cs_client     = @@character_set_client;
SET character_set_client = utf8;
/*!50001 CREATE VIEW `route_view` AS SELECT 
 1 AS `routeset_id`,
 1 AS `routeset_name`,
 1 AS `netlinkset_id`,
 1 AS `netlinkset_name`,
 1 AS `route_id`,
 1 AS `route_priority`,
 1 AS `route_score`,
 1 AS `outlink_id`,
 1 AS `outlink_name`,
 1 AS `outlink_addr`,
 1 AS `outlink_typ`*/;
SET character_set_client = @saved_cs_client;

--
-- Table structure for table `routeset`
--

DROP TABLE IF EXISTS `routeset`;
/*!40101 SET @saved_cs_client     = @@character_set_client */;
/*!40101 SET character_set_client = utf8 */;
CREATE TABLE `routeset` (
  `id` int(11) NOT NULL AUTO_INCREMENT,
  `name` varchar(127) NOT NULL,
  `info` varchar(255) NOT NULL DEFAULT '',
  PRIMARY KEY (`id`),
  UNIQUE KEY `name` (`name`)
) ENGINE=InnoDB AUTO_INCREMENT=31 DEFAULT CHARSET=utf8;
/*!40101 SET character_set_client = @saved_cs_client */;

--
-- Dumping data for table `routeset`
--

LOCK TABLES `routeset` WRITE;
/*!40000 ALTER TABLE `routeset` DISABLE KEYS */;
INSERT INTO `routeset` VALUES (1,'routeset1','nisl. Quisque fringilla euismod'),(2,'routeset2','dignissim pharetra. Nam ac'),(3,'routeset3','non lorem vitae odio'),(4,'routeset4','magna nec quam. Curabitur'),(5,'routeset5','quam, elementum at, egestas'),(6,'routeset6','sit amet, consectetuer adipiscing'),(7,'routeset7','magna. Sed eu eros.'),(8,'routeset8','Nunc ac sem ut'),(9,'routeset9','pede. Praesent eu dui.'),(10,'routeset10','nunc id enim. Curabitur'),(11,'routeset11','sagittis. Nullam vitae diam.'),(12,'routeset12','neque non quam. Pellentesque'),(13,'routeset13','et arcu imperdiet ullamcorper.'),(14,'routeset14','lectus sit amet luctus'),(15,'routeset15','Cum sociis natoque penatibus'),(16,'routeset16','Donec tincidunt. Donec vitae'),(17,'routeset17','eros. Nam consequat dolor'),(18,'routeset18','urna suscipit nonummy. Fusce'),(19,'routeset19','nascetur ridiculus mus. Aenean'),(20,'routeset20','urna et arcu imperdiet'),(21,'routeset21','Maecenas iaculis aliquet diam.'),(22,'routeset22','libero. Integer in magna.'),(23,'routeset23','est. Mauris eu turpis.'),(24,'routeset24','ante blandit viverra. Donec'),(25,'routeset25','ipsum primis in faucibus'),(26,'routeset26','consectetuer ipsum nunc id'),(27,'routeset27','eget varius ultrices, mauris'),(28,'routeset28','tempus risus. Donec egestas.'),(29,'routeset29','tortor, dictum eu, placerat'),(30,'routeset30','id magna et ipsum');
/*!40000 ALTER TABLE `routeset` ENABLE KEYS */;
UNLOCK TABLES;

--
-- Table structure for table `rr`
--

DROP TABLE IF EXISTS `rr`;
/*!40101 SET @saved_cs_client     = @@character_set_client */;
/*!40101 SET character_set_client = utf8 */;
CREATE TABLE `rr` (
  `id` int(11) NOT NULL AUTO_INCREMENT,
  `rrtype` int(11) NOT NULL,
  `rrdata` varchar(255) NOT NULL,
  `ttl` int(10) unsigned NOT NULL DEFAULT '300',
  `rrset_id` int(11) DEFAULT NULL,
  `enable` tinyint(1) NOT NULL DEFAULT '1',
  PRIMARY KEY (`id`),
  KEY `rrset_id` (`rrset_id`),
  CONSTRAINT `rr_ibfk_1` FOREIGN KEY (`rrset_id`) REFERENCES `rrset` (`id`) ON DELETE CASCADE
) ENGINE=InnoDB AUTO_INCREMENT=11 DEFAULT CHARSET=utf8 COMMENT='dns rr(resource record)';
/*!40101 SET character_set_client = @saved_cs_client */;

--
-- Dumping data for table `rr`
--

LOCK TABLES `rr` WRITE;
/*!40000 ALTER TABLE `rr` DISABLE KEYS */;
INSERT INTO `rr` VALUES (1,1,'7.8.1.2',300,4,1),(2,1,'3.7.5.9',300,1,1),(3,1,'6.3.0.3',300,5,1),(4,1,'2.7.2.0',300,4,1),(5,1,'2.7.4.7',300,1,1),(6,1,'5.8.9.8',300,4,1),(7,1,'7.9.6.7',300,2,1),(8,1,'6.3.2.6',300,3,1),(9,1,'7.9.5.2',300,5,1),(10,1,'9.6.0.3',300,5,1);
/*!40000 ALTER TABLE `rr` ENABLE KEYS */;
UNLOCK TABLES;

--
-- Table structure for table `rrset`
--

DROP TABLE IF EXISTS `rrset`;
/*!40101 SET @saved_cs_client     = @@character_set_client */;
/*!40101 SET character_set_client = utf8 */;
CREATE TABLE `rrset` (
  `id` int(11) NOT NULL AUTO_INCREMENT,
  `name` varchar(64) NOT NULL DEFAULT '',
  `enable` tinyint(1) NOT NULL DEFAULT '1',
  PRIMARY KEY (`id`)
) ENGINE=InnoDB AUTO_INCREMENT=6 DEFAULT CHARSET=utf8 COMMENT='dns rrset(resource record)';
/*!40101 SET character_set_client = @saved_cs_client */;

--
-- Dumping data for table `rrset`
--

LOCK TABLES `rrset` WRITE;
/*!40000 ALTER TABLE `rrset` DISABLE KEYS */;
INSERT INTO `rrset` VALUES (1,'risus.',1),(2,'sit',1),(3,'auctor',1),(4,'nisl',1),(5,'mi',1);
/*!40000 ALTER TABLE `rrset` ENABLE KEYS */;
UNLOCK TABLES;

--
-- Temporary view structure for view `src_view`
--

DROP TABLE IF EXISTS `src_view`;
/*!50001 DROP VIEW IF EXISTS `src_view`*/;
SET @saved_cs_client     = @@character_set_client;
SET character_set_client = utf8;
/*!50001 CREATE VIEW `src_view` AS SELECT 
 1 AS `ipset_id`,
 1 AS `ipset_name`,
 1 AS `domain_pool_id`,
 1 AS `domain_pool_name`,
 1 AS `routeset_id`,
 1 AS `routeset_name`*/;
SET character_set_client = @saved_cs_client;

--
-- Table structure for table `viewer`
--

DROP TABLE IF EXISTS `viewer`;
/*!40101 SET @saved_cs_client     = @@character_set_client */;
/*!40101 SET character_set_client = utf8 */;
CREATE TABLE `viewer` (
  `id` int(11) NOT NULL AUTO_INCREMENT,
  `ipset_id` int(11) NOT NULL,
  `domain_pool_id` int(11) NOT NULL,
  `routeset_id` int(11) NOT NULL,
  `policy_id` int(11) NOT NULL,
  `enable` tinyint(1) NOT NULL DEFAULT '1',
  PRIMARY KEY (`id`),
  KEY `ipset_id` (`ipset_id`),
  KEY `domain_pool_id` (`domain_pool_id`),
  KEY `routeset_id` (`routeset_id`),
  KEY `policy_id` (`policy_id`),
  CONSTRAINT `viewer_ibfk_1` FOREIGN KEY (`ipset_id`) REFERENCES `ipset` (`id`),
  CONSTRAINT `viewer_ibfk_2` FOREIGN KEY (`domain_pool_id`) REFERENCES `domain_pool` (`id`),
  CONSTRAINT `viewer_ibfk_3` FOREIGN KEY (`routeset_id`) REFERENCES `routeset` (`id`),
  CONSTRAINT `viewer_ibfk_4` FOREIGN KEY (`policy_id`) REFERENCES `policy` (`id`)
) ENGINE=InnoDB AUTO_INCREMENT=1001 DEFAULT CHARSET=utf8 COMMENT='map of <ipset , domain_pool> -> <policy, routeset>';
/*!40101 SET character_set_client = @saved_cs_client */;

--
-- Dumping data for table `viewer`
--

LOCK TABLES `viewer` WRITE;
/*!40000 ALTER TABLE `viewer` DISABLE KEYS */;
INSERT INTO `viewer` VALUES (1,96,1,5,2,1),(2,90,1,4,7,1),(3,25,1,6,10,1),(4,45,2,6,9,1),(5,100,2,6,8,1),(11,35,2,7,7,1),(12,88,2,9,5,1),(13,22,2,10,10,1),(14,23,2,7,1,1),(15,44,2,2,9,1),(16,59,2,4,3,1),(17,64,1,10,6,1),(21,98,2,6,7,1),(22,97,2,8,1,1),(23,65,2,2,3,1),(24,15,1,5,7,1),(25,95,1,9,4,1),(26,16,2,7,3,1),(27,96,1,10,5,1),(31,59,1,8,2,1),(32,45,1,8,8,1),(33,26,1,8,2,1),(34,52,2,3,2,1),(41,99,1,10,5,1),(42,18,2,5,9,1),(43,47,2,2,8,1),(44,15,2,3,10,1),(45,65,1,1,1,1),(51,14,1,8,6,1),(52,28,2,8,4,1),(53,69,1,2,7,1),(54,45,2,5,3,1),(55,27,1,1,1,1),(56,40,2,3,4,1),(57,53,1,8,8,1),(61,37,1,5,9,1),(62,47,1,2,6,1),(63,44,2,2,1,1),(64,49,2,2,1,1),(71,84,2,4,7,1),(72,100,1,10,10,1),(73,23,1,3,10,1),(74,39,1,9,4,1),(75,61,2,1,3,1),(76,100,1,1,6,1),(81,18,2,2,5,1),(82,73,1,10,6,1),(83,44,1,3,4,1),(84,7,2,3,10,1),(85,49,1,7,4,1),(91,53,2,8,1,1),(92,23,1,6,6,1),(93,50,1,7,7,1),(101,13,2,1,6,1),(102,43,2,2,7,1),(103,43,2,10,7,1),(104,25,1,5,2,1),(111,69,1,9,1,1),(112,34,1,2,6,1),(113,22,1,1,8,1),(114,55,2,8,1,1),(115,84,2,4,7,1),(116,55,1,9,1,1),(121,56,1,4,4,1),(122,80,2,8,5,1),(123,77,1,3,2,1),(124,61,1,6,4,1),(125,90,1,4,6,1),(131,92,2,6,1,1),(132,70,1,7,4,1),(133,54,2,3,4,1),(134,44,1,10,9,1),(135,86,1,6,1,1),(141,100,1,10,6,1),(142,37,1,7,5,1),(143,42,1,5,4,1),(144,85,1,9,3,1),(145,86,2,10,8,1),(146,61,2,8,2,1),(151,34,1,3,6,1),(152,22,2,8,7,1),(153,39,2,1,1,1),(154,66,2,9,5,1),(155,2,2,6,2,1),(161,13,2,10,7,1),(162,36,1,8,7,1),(163,39,1,2,2,1),(171,90,2,4,6,1),(172,58,1,7,3,1),(173,86,1,2,10,1),(174,15,1,3,8,1),(181,41,2,7,10,1),(182,23,2,9,10,1),(183,70,1,4,7,1),(184,89,2,3,9,1),(185,7,2,10,2,1),(186,50,1,7,5,1),(191,12,1,2,4,1),(192,21,1,8,1,1),(201,54,2,8,4,1),(202,55,2,6,8,1),(203,27,1,3,2,1),(204,30,1,5,10,1),(205,37,1,4,2,1),(206,69,2,10,9,1),(207,97,1,1,6,1),(211,75,1,2,1,1),(212,62,1,10,4,1),(213,31,2,8,7,1),(214,1,1,5,2,1),(215,45,2,1,2,1),(221,80,1,2,1,1),(222,88,1,3,8,1),(223,62,1,3,2,1),(224,9,1,5,5,1),(225,46,1,1,5,1),(231,36,1,10,4,1),(232,92,1,4,7,1),(233,75,1,5,6,1),(234,65,2,4,9,1),(235,44,2,1,4,1),(236,85,2,4,10,1),(241,4,2,7,6,1),(242,74,2,2,8,1),(243,67,1,9,3,1),(244,54,2,6,2,1),(245,31,1,5,10,1),(246,97,1,7,10,1),(251,25,2,3,2,1),(252,12,2,5,9,1),(253,97,2,1,10,1),(254,96,2,5,7,1),(255,23,2,3,2,1),(261,99,1,9,6,1),(262,33,1,7,10,1),(263,6,1,3,8,1),(264,94,1,4,6,1),(271,19,1,7,5,1),(272,21,1,6,10,1),(273,42,2,6,4,1),(281,59,1,5,9,1),(282,24,2,7,3,1),(283,88,2,10,1,1),(291,69,1,1,3,1),(292,14,1,9,4,1),(293,84,1,2,2,1),(294,100,1,3,7,1),(295,51,1,2,6,1),(301,21,1,4,9,1),(302,60,2,4,3,1),(303,52,2,1,10,1),(304,13,1,1,5,1),(311,11,1,6,3,1),(312,19,1,7,10,1),(313,45,1,6,7,1),(314,15,2,6,10,1),(315,60,1,6,1,1),(316,65,1,5,1,1),(317,80,2,3,3,1),(321,37,2,9,1,1),(322,21,2,7,3,1),(323,28,2,6,3,1),(324,14,2,7,10,1),(325,73,2,1,5,1),(331,83,2,1,4,1),(332,5,2,1,10,1),(333,25,1,1,7,1),(334,1,2,1,8,1),(335,7,2,4,4,1),(341,8,2,8,3,1),(342,22,2,7,6,1),(343,7,1,3,3,1),(344,67,1,8,6,1),(351,75,2,8,7,1),(352,37,2,8,2,1),(353,20,1,1,7,1),(354,66,2,1,5,1),(361,88,2,6,4,1),(362,37,1,8,8,1),(363,67,2,9,8,1),(364,51,2,3,1,1),(365,55,2,1,1,1),(366,67,1,3,10,1),(371,39,1,5,5,1),(372,48,2,6,4,1),(373,40,2,10,10,1),(374,99,2,4,9,1),(381,21,1,4,4,1),(382,82,2,3,5,1),(383,13,1,7,7,1),(384,20,2,3,3,1),(385,21,1,7,8,1),(391,53,1,8,9,1),(392,95,2,1,7,1),(393,17,1,2,9,1),(394,26,2,6,5,1),(395,51,1,5,9,1),(396,94,1,1,6,1),(397,48,1,4,1,1),(401,95,1,6,7,1),(402,32,2,1,1,1),(403,45,1,2,6,1),(404,94,2,7,5,1),(405,57,2,10,2,1),(411,33,2,7,2,1),(412,75,1,10,8,1),(413,65,2,3,9,1),(414,98,1,9,1,1),(415,16,2,1,6,1),(416,42,2,10,2,1),(421,66,2,9,8,1),(422,94,2,1,8,1),(423,22,2,2,3,1),(424,12,2,9,6,1),(425,34,2,10,8,1),(426,9,1,6,5,1),(431,49,2,10,8,1),(432,57,2,5,1,1),(433,82,1,6,1,1),(434,50,2,10,7,1),(441,68,1,8,3,1),(442,70,2,4,4,1),(443,9,1,4,7,1),(444,22,1,9,7,1),(445,20,1,9,8,1),(451,69,2,9,4,1),(452,99,1,10,6,1),(453,3,2,7,9,1),(454,52,2,7,8,1),(455,83,2,3,3,1),(461,17,1,10,3,1),(462,23,2,5,9,1),(463,55,1,7,5,1),(464,49,1,10,6,1),(465,14,2,2,1,1),(471,92,2,1,6,1),(472,57,1,3,10,1),(473,25,2,9,2,1),(474,40,1,7,2,1),(475,13,2,9,5,1),(481,77,2,8,1,1),(482,29,2,1,8,1),(483,1,1,7,3,1),(484,54,1,6,2,1),(485,22,2,8,2,1),(491,22,2,7,3,1),(492,90,2,6,5,1),(493,54,1,7,5,1),(494,40,2,2,8,1),(495,28,2,4,4,1),(496,9,1,8,6,1),(501,85,1,1,3,1),(502,22,2,2,2,1),(503,29,2,7,8,1),(504,99,1,7,4,1),(511,5,2,10,4,1),(512,74,1,9,9,1),(513,97,2,10,9,1),(514,58,1,8,8,1),(515,97,2,3,9,1),(521,23,1,9,2,1),(522,14,2,3,6,1),(523,52,1,6,1,1),(524,38,2,8,8,1),(531,14,1,10,9,1),(532,16,2,1,7,1),(533,19,1,5,5,1),(534,18,2,10,1,1),(541,79,1,8,10,1),(542,31,2,5,5,1),(543,39,2,5,7,1),(544,15,2,1,7,1),(551,57,1,4,8,1),(552,83,2,8,5,1),(553,53,1,5,10,1),(561,98,2,7,4,1),(562,44,2,1,9,1),(563,73,2,9,2,1),(564,9,2,1,1,1),(565,29,1,3,2,1),(566,22,1,5,5,1),(567,95,1,5,5,1),(571,15,2,3,3,1),(572,72,2,3,7,1),(573,99,2,4,6,1),(581,80,1,5,1,1),(582,30,1,8,3,1),(583,98,1,5,3,1),(584,51,2,5,9,1),(591,76,1,6,9,1),(592,27,1,5,1,1),(593,38,1,2,2,1),(601,10,2,10,9,1),(602,22,1,3,3,1),(603,13,1,7,5,1),(611,79,1,1,6,1),(612,14,1,3,8,1),(613,29,2,3,8,1),(614,29,1,7,8,1),(621,95,1,7,10,1),(622,96,1,10,4,1),(623,61,2,7,9,1),(624,86,2,2,1,1),(625,90,1,9,2,1),(626,64,1,3,4,1),(627,25,2,7,6,1),(628,7,1,6,8,1),(631,47,1,6,9,1),(632,38,2,5,9,1),(633,57,1,5,1,1),(634,69,2,1,6,1),(635,56,2,1,7,1),(636,3,1,10,9,1),(637,60,2,10,1,1),(641,93,2,3,1,1),(642,73,1,8,9,1),(643,75,1,10,10,1),(644,25,1,5,9,1),(645,80,1,6,7,1),(646,74,1,6,5,1),(647,60,2,4,10,1),(651,94,1,5,8,1),(652,70,1,10,7,1),(653,10,2,6,10,1),(654,68,1,4,5,1),(661,92,2,4,9,1),(662,80,1,1,4,1),(663,69,2,9,6,1),(664,68,2,3,1,1),(665,92,2,2,8,1),(666,76,1,1,9,1),(667,18,1,7,5,1),(671,30,1,5,7,1),(672,55,1,5,4,1),(673,1,1,8,10,1),(674,64,1,2,2,1),(675,48,1,1,10,1),(676,31,1,9,9,1),(681,99,2,1,7,1),(682,80,1,7,5,1),(683,13,2,7,5,1),(684,15,1,8,3,1),(691,20,1,9,3,1),(692,61,2,9,3,1),(693,26,1,1,4,1),(694,36,1,9,6,1),(695,45,2,3,10,1),(701,87,2,2,2,1),(702,57,2,10,10,1),(703,47,2,4,2,1),(704,14,2,9,8,1),(705,11,2,5,3,1),(711,87,1,9,5,1),(712,53,1,4,1,1),(713,41,1,3,1,1),(714,62,2,7,3,1),(721,4,2,3,2,1),(722,11,2,10,4,1),(723,46,1,4,5,1),(724,91,2,1,4,1),(725,58,1,8,5,1),(726,53,1,5,10,1),(731,64,2,4,2,1),(732,83,1,2,10,1),(733,30,1,6,6,1),(734,96,1,1,7,1),(735,74,2,5,9,1),(736,40,1,10,10,1),(741,21,1,5,9,1),(742,67,2,10,2,1),(743,34,1,2,9,1),(744,61,2,9,8,1),(751,6,1,9,10,1),(752,94,2,3,3,1),(753,39,2,10,7,1),(754,43,2,6,1,1),(761,29,2,8,10,1),(762,8,1,5,10,1),(763,31,2,9,2,1),(764,15,2,8,10,1),(765,48,1,1,4,1),(766,37,1,1,5,1),(767,65,2,5,9,1),(771,92,1,9,7,1),(772,46,1,7,2,1),(773,17,2,8,7,1),(774,87,1,3,7,1),(775,9,2,4,4,1),(781,86,1,3,8,1),(782,64,1,2,6,1),(783,61,1,8,7,1),(784,33,1,3,6,1),(785,24,2,2,10,1),(791,59,1,2,8,1),(792,37,1,1,9,1),(793,82,2,10,2,1),(794,26,1,3,2,1),(811,69,1,1,6,1),(812,61,1,1,5,1),(813,3,1,8,1,1),(814,41,2,4,2,1),(815,51,1,5,8,1),(816,2,1,6,9,1),(817,18,2,9,9,1),(821,15,1,7,6,1),(822,34,1,3,7,1),(823,79,1,2,7,1),(824,49,1,4,3,1),(825,48,2,8,10,1),(831,30,2,6,1,1),(832,58,2,1,3,1),(833,10,1,10,6,1),(841,66,2,2,7,1),(842,67,2,4,8,1),(843,87,1,10,5,1),(844,43,1,8,2,1),(845,5,2,10,7,1),(851,30,2,8,6,1),(852,36,1,6,9,1),(853,76,1,1,2,1),(854,63,2,4,1,1),(861,85,1,3,9,1),(862,28,1,8,6,1),(863,40,2,9,2,1),(871,4,2,2,7,1),(872,59,2,4,1,1),(873,54,2,3,1,1),(874,58,2,5,9,1),(875,98,2,5,3,1),(876,51,2,6,4,1),(877,29,1,1,1,1),(878,100,1,3,6,1),(881,43,2,7,7,1),(882,10,1,6,6,1),(883,64,2,1,2,1),(884,25,2,4,3,1),(891,99,2,3,3,1),(892,39,1,1,4,1),(893,53,2,6,7,1),(894,72,1,3,2,1),(895,14,2,6,7,1),(896,49,2,4,10,1),(901,68,2,7,8,1),(902,62,1,3,4,1),(903,76,2,9,7,1),(904,81,1,6,4,1),(905,21,1,8,1,1),(911,91,2,6,10,1),(912,67,1,5,5,1),(913,24,2,2,6,1),(914,70,1,9,1,1),(921,3,1,9,2,1),(922,100,2,10,3,1),(923,50,2,3,6,1),(931,52,2,7,5,1),(932,9,1,8,5,1),(933,84,2,7,6,1),(941,67,1,3,6,1),(942,5,1,7,5,1),(943,7,1,1,5,1),(944,69,1,8,10,1),(945,67,2,3,5,1),(946,89,1,4,8,1),(947,23,2,2,1,1),(951,43,1,8,1,1),(952,36,1,8,7,1),(961,84,1,4,1,1),(962,9,1,4,5,1),(963,51,1,5,5,1),(964,64,1,10,10,1),(971,37,2,3,7,1),(972,96,2,7,1,1),(973,42,1,9,8,1),(974,36,2,9,9,1),(975,72,2,8,2,1),(981,50,2,10,8,1),(982,59,1,2,10,1),(983,90,1,1,4,1),(984,14,1,5,4,1),(991,96,2,9,3,1),(992,91,2,6,4,1),(993,3,1,4,4,1),(994,11,1,7,8,1),(995,94,2,6,1,1);
/*!40000 ALTER TABLE `viewer` ENABLE KEYS */;
UNLOCK TABLES;

--
-- Final view structure for view `base_route_view`
--

/*!50001 DROP VIEW IF EXISTS `base_route_view`*/;
/*!50001 SET @saved_cs_client          = @@character_set_client */;
/*!50001 SET @saved_cs_results         = @@character_set_results */;
/*!50001 SET @saved_col_connection     = @@collation_connection */;
/*!50001 SET character_set_client      = utf8 */;
/*!50001 SET character_set_results     = utf8 */;
/*!50001 SET collation_connection      = utf8_general_ci */;
/*!50001 CREATE ALGORITHM=UNDEFINED */
/*!50013 DEFINER=`root`@`localhost` SQL SECURITY DEFINER */
/*!50001 VIEW `base_route_view` AS select `viewer`.`ipset_id` AS `ipset_id`,`ipset`.`name` AS `ipset_name`,`viewer`.`domain_pool_id` AS `domain_pool_id`,`domain_pool`.`name` AS `domain_pool_name`,`viewer`.`routeset_id` AS `routeset_id`,`routeset`.`name` AS `routeset_name`,`route`.`netlinkset_id` AS `netlinkset_id`,`netlinkset`.`name` AS `netlinkset_name`,`route`.`id` AS `route_id`,min(`route`.`priority`) AS `route_priority`,max(`route`.`score`) AS `route_score`,`route`.`outlink_id` AS `outlink_id`,`outlink`.`name` AS `outlink_name`,`outlink`.`addr` AS `outlink_addr`,`outlink`.`typ` AS `outlink_typ` from ((((((`ipset` join `domain_pool`) join `viewer`) join `routeset`) join `netlinkset`) join `route`) join `outlink`) where ((`ipset`.`id` = `viewer`.`ipset_id`) and (`domain_pool`.`id` = `viewer`.`domain_pool_id`) and (`viewer`.`routeset_id` = `routeset`.`id`) and (`netlinkset`.`id` = `route`.`netlinkset_id`) and (`outlink`.`id` = `route`.`outlink_id`) and (`route`.`routeset_id` = `routeset`.`id`) and (`outlink`.`enable` = 1) and (`route`.`enable` = 1) and (`outlink`.`unavailable` = 0) and (`route`.`unavailable` = 0) and (`viewer`.`enable` = 1)) group by `viewer`.`routeset_id` */;
/*!50001 SET character_set_client      = @saved_cs_client */;
/*!50001 SET character_set_results     = @saved_cs_results */;
/*!50001 SET collation_connection      = @saved_col_connection */;

--
-- Final view structure for view `domain_view`
--

/*!50001 DROP VIEW IF EXISTS `domain_view`*/;
/*!50001 SET @saved_cs_client          = @@character_set_client */;
/*!50001 SET @saved_cs_results         = @@character_set_results */;
/*!50001 SET @saved_col_connection     = @@collation_connection */;
/*!50001 SET character_set_client      = utf8 */;
/*!50001 SET character_set_results     = utf8 */;
/*!50001 SET collation_connection      = utf8_general_ci */;
/*!50001 CREATE ALGORITHM=MERGE */
/*!50013 DEFINER=`root`@`localhost` SQL SECURITY DEFINER */
/*!50001 VIEW `domain_view` AS select `domain`.`id` AS `domain_id`,`domain`.`domain` AS `domain`,`domain`.`domain_pool_id` AS `domain_pool_id`,`domain_pool`.`name` AS `pool_name` from (`domain` join `domain_pool` on((`domain`.`domain_pool_id` = `domain_pool`.`id`))) */;
/*!50001 SET character_set_client      = @saved_cs_client */;
/*!50001 SET character_set_results     = @saved_cs_results */;
/*!50001 SET collation_connection      = @saved_col_connection */;

--
-- Final view structure for view `filter_view`
--

/*!50001 DROP VIEW IF EXISTS `filter_view`*/;
/*!50001 SET @saved_cs_client          = @@character_set_client */;
/*!50001 SET @saved_cs_results         = @@character_set_results */;
/*!50001 SET @saved_col_connection     = @@collation_connection */;
/*!50001 SET character_set_client      = utf8 */;
/*!50001 SET character_set_results     = utf8 */;
/*!50001 SET collation_connection      = utf8_general_ci */;
/*!50001 CREATE ALGORITHM=MERGE */
/*!50013 DEFINER=`root`@`localhost` SQL SECURITY DEFINER */
/*!50001 VIEW `filter_view` AS select `filter`.`id` AS `id`,`filter`.`src_ip_start` AS `src_ip_start`,inet_aton(`filter`.`src_ip_start`) AS `src_ip_start_int`,`filter`.`src_ip_end` AS `src_ip_end`,inet_aton(`filter`.`src_ip_end`) AS `src_ip_end_int`,`filter`.`ipset_id` AS `ipset_id`,`filter`.`domain_id` AS `domain_id`,`filter`.`dst_ip` AS `dst_ip`,`filter`.`outlink_id` AS `outlink_id`,`domain`.`domain` AS `domain`,`outlink`.`name` AS `outlink_name` from (((`domain` join `filter`) join `outlink`) join `ipset`) where ((`filter`.`ipset_id` = `ipset`.`id`) and (`filter`.`outlink_id` = `outlink`.`id`) and (`filter`.`domain_id` = `domain`.`id`) and (`filter`.`enable` = 1)) */;
/*!50001 SET character_set_client      = @saved_cs_client */;
/*!50001 SET character_set_results     = @saved_cs_results */;
/*!50001 SET collation_connection      = @saved_col_connection */;

--
-- Final view structure for view `ipset_view`
--

/*!50001 DROP VIEW IF EXISTS `ipset_view`*/;
/*!50001 SET @saved_cs_client          = @@character_set_client */;
/*!50001 SET @saved_cs_results         = @@character_set_results */;
/*!50001 SET @saved_col_connection     = @@collation_connection */;
/*!50001 SET character_set_client      = utf8 */;
/*!50001 SET character_set_results     = utf8 */;
/*!50001 SET collation_connection      = utf8_general_ci */;
/*!50001 CREATE ALGORITHM=MERGE */
/*!50013 DEFINER=`root`@`localhost` SQL SECURITY DEFINER */
/*!50001 VIEW `ipset_view` AS select `ipnet`.`id` AS `ipnet_id`,`ipnet`.`ip_start` AS `ip_start`,inet_aton(`ipnet`.`ip_start`) AS `ip_start_int`,`ipnet`.`ip_end` AS `ip_end`,inet_aton(`ipnet`.`ip_end`) AS `ip_end_int`,`ipnet`.`ipnet` AS `ipnet`,`ipnet`.`mask` AS `mask`,`ipnet`.`ipset_id` AS `ipset_id`,`ipset`.`name` AS `ipset_name` from (`ipnet` join `ipset` on((`ipset`.`id` = `ipnet`.`ipset_id`))) */;
/*!50001 SET character_set_client      = @saved_cs_client */;
/*!50001 SET character_set_results     = @saved_cs_results */;
/*!50001 SET collation_connection      = @saved_col_connection */;

--
-- Final view structure for view `netlink_view`
--

/*!50001 DROP VIEW IF EXISTS `netlink_view`*/;
/*!50001 SET @saved_cs_client          = @@character_set_client */;
/*!50001 SET @saved_cs_results         = @@character_set_results */;
/*!50001 SET @saved_col_connection     = @@collation_connection */;
/*!50001 SET character_set_client      = utf8 */;
/*!50001 SET character_set_results     = utf8 */;
/*!50001 SET collation_connection      = utf8_general_ci */;
/*!50001 CREATE ALGORITHM=MERGE */
/*!50013 DEFINER=`root`@`localhost` SQL SECURITY DEFINER */
/*!50001 VIEW `netlink_view` AS select `iptable`.`id` AS `iptable_id`,`iptable`.`ip_start` AS `ip_start`,inet_aton(`iptable`.`ip_start`) AS `ip_start_int`,`iptable`.`ip_end` AS `ip_end`,inet_aton(`iptable`.`ip_end`) AS `ip_end_int`,`iptable`.`ipnet` AS `ipnet`,`iptable`.`mask` AS `mask`,`iptable`.`netlink_id` AS `netlink_id`,`netlink`.`isp` AS `isp`,`netlink`.`region` AS `region`,`netlink`.`typ` AS `typ` from (`netlink` join `iptable` on((`iptable`.`netlink_id` = `netlink`.`id`))) */;
/*!50001 SET character_set_client      = @saved_cs_client */;
/*!50001 SET character_set_results     = @saved_cs_results */;
/*!50001 SET collation_connection      = @saved_col_connection */;

--
-- Final view structure for view `netlinkset_view`
--

/*!50001 DROP VIEW IF EXISTS `netlinkset_view`*/;
/*!50001 SET @saved_cs_client          = @@character_set_client */;
/*!50001 SET @saved_cs_results         = @@character_set_results */;
/*!50001 SET @saved_col_connection     = @@collation_connection */;
/*!50001 SET character_set_client      = utf8 */;
/*!50001 SET character_set_results     = utf8 */;
/*!50001 SET collation_connection      = utf8_general_ci */;
/*!50001 CREATE ALGORITHM=MERGE */
/*!50013 DEFINER=`root`@`localhost` SQL SECURITY DEFINER */
/*!50001 VIEW `netlinkset_view` AS select `domainlink`.`domain_pool_id` AS `domain_pool_id`,`domainlink`.`netlink_id` AS `netlink_id`,`domainlink`.`netlinkset_id` AS `netlinkset_id`,`domain_pool`.`name` AS `domain_pool_name`,`netlink`.`isp` AS `isp`,`netlink`.`region` AS `region` from ((`domain_pool` join `netlink`) join `domainlink`) where ((`domain_pool`.`id` = `domainlink`.`domain_pool_id`) and (`netlink`.`id` = `domainlink`.`netlink_id`) and (`domainlink`.`enable` = 1)) */;
/*!50001 SET character_set_client      = @saved_cs_client */;
/*!50001 SET character_set_results     = @saved_cs_results */;
/*!50001 SET collation_connection      = @saved_col_connection */;

--
-- Final view structure for view `policy_view`
--

/*!50001 DROP VIEW IF EXISTS `policy_view`*/;
/*!50001 SET @saved_cs_client          = @@character_set_client */;
/*!50001 SET @saved_cs_results         = @@character_set_results */;
/*!50001 SET @saved_col_connection     = @@collation_connection */;
/*!50001 SET character_set_client      = utf8 */;
/*!50001 SET character_set_results     = utf8 */;
/*!50001 SET collation_connection      = utf8_general_ci */;
/*!50001 CREATE ALGORITHM=MERGE */
/*!50013 DEFINER=`root`@`localhost` SQL SECURITY DEFINER */
/*!50001 VIEW `policy_view` AS select `viewer`.`ipset_id` AS `ipset_id`,`viewer`.`domain_pool_id` AS `domain_pool_id`,`viewer`.`policy_id` AS `policy_id`,`policy`.`name` AS `policy_name`,`policy_detail`.`policy_sequence` AS `policy_sequence`,`policy_detail`.`priority` AS `priority`,`policy_detail`.`weight` AS `weight`,`policy_detail`.`op` AS `op`,`policy_detail`.`op_typ` AS `op_typ`,`policy_detail`.`ldns_id` AS `ldns_id`,`ldns`.`name` AS `name`,`ldns`.`addr` AS `addr`,`ldns`.`typ` AS `typ`,`policy_detail`.`rrset_id` AS `rrset_id` from (((`viewer` join `policy`) join `policy_detail`) join `ldns`) where ((`policy`.`id` = `policy_detail`.`policy_id`) and (`ldns`.`id` = `policy_detail`.`ldns_id`) and (`viewer`.`policy_id` = `policy`.`id`) and (`ldns`.`unavailable` = 0) and (`ldns`.`enable` = 1) and (`viewer`.`enable` = 1) and (`policy_detail`.`enable` = 1)) */;
/*!50001 SET character_set_client      = @saved_cs_client */;
/*!50001 SET character_set_results     = @saved_cs_results */;
/*!50001 SET collation_connection      = @saved_col_connection */;

--
-- Final view structure for view `route_view`
--

/*!50001 DROP VIEW IF EXISTS `route_view`*/;
/*!50001 SET @saved_cs_client          = @@character_set_client */;
/*!50001 SET @saved_cs_results         = @@character_set_results */;
/*!50001 SET @saved_col_connection     = @@collation_connection */;
/*!50001 SET character_set_client      = utf8 */;
/*!50001 SET character_set_results     = utf8 */;
/*!50001 SET collation_connection      = utf8_general_ci */;
/*!50001 CREATE ALGORITHM=UNDEFINED */
/*!50013 DEFINER=`root`@`localhost` SQL SECURITY DEFINER */
/*!50001 VIEW `route_view` AS select `route`.`routeset_id` AS `routeset_id`,`routeset`.`name` AS `routeset_name`,`route`.`netlinkset_id` AS `netlinkset_id`,`netlinkset`.`name` AS `netlinkset_name`,`route`.`id` AS `route_id`,min(`route`.`priority`) AS `route_priority`,max(`route`.`score`) AS `route_score`,`route`.`outlink_id` AS `outlink_id`,`outlink`.`name` AS `outlink_name`,`outlink`.`addr` AS `outlink_addr`,`outlink`.`typ` AS `outlink_typ` from (((`netlinkset` join `outlink`) join `route`) join `routeset`) where ((`netlinkset`.`id` = `route`.`netlinkset_id`) and (`outlink`.`id` = `route`.`outlink_id`) and (`route`.`routeset_id` = `routeset`.`id`) and (`outlink`.`enable` = 1) and (`route`.`enable` = 1) and (`outlink`.`unavailable` = 0) and (`route`.`unavailable` = 0)) group by `route`.`routeset_id` */;
/*!50001 SET character_set_client      = @saved_cs_client */;
/*!50001 SET character_set_results     = @saved_cs_results */;
/*!50001 SET collation_connection      = @saved_col_connection */;

--
-- Final view structure for view `src_view`
--

/*!50001 DROP VIEW IF EXISTS `src_view`*/;
/*!50001 SET @saved_cs_client          = @@character_set_client */;
/*!50001 SET @saved_cs_results         = @@character_set_results */;
/*!50001 SET @saved_col_connection     = @@collation_connection */;
/*!50001 SET character_set_client      = utf8 */;
/*!50001 SET character_set_results     = utf8 */;
/*!50001 SET collation_connection      = utf8_general_ci */;
/*!50001 CREATE ALGORITHM=MERGE */
/*!50013 DEFINER=`root`@`localhost` SQL SECURITY DEFINER */
/*!50001 VIEW `src_view` AS select `viewer`.`ipset_id` AS `ipset_id`,`ipset`.`name` AS `ipset_name`,`viewer`.`domain_pool_id` AS `domain_pool_id`,`domain_pool`.`name` AS `domain_pool_name`,`viewer`.`routeset_id` AS `routeset_id`,`routeset`.`name` AS `routeset_name` from (((`ipset` join `domain_pool`) join `viewer`) join `routeset`) where ((`ipset`.`id` = `viewer`.`ipset_id`) and (`domain_pool`.`id` = `viewer`.`domain_pool_id`) and (`routeset`.`id` = `viewer`.`routeset_id`) and (`viewer`.`enable` = 1)) */;
/*!50001 SET character_set_client      = @saved_cs_client */;
/*!50001 SET character_set_results     = @saved_cs_results */;
/*!50001 SET collation_connection      = @saved_col_connection */;
/*!40103 SET TIME_ZONE=@OLD_TIME_ZONE */;

/*!40101 SET SQL_MODE=@OLD_SQL_MODE */;
/*!40014 SET FOREIGN_KEY_CHECKS=@OLD_FOREIGN_KEY_CHECKS */;
/*!40014 SET UNIQUE_CHECKS=@OLD_UNIQUE_CHECKS */;
/*!40101 SET CHARACTER_SET_CLIENT=@OLD_CHARACTER_SET_CLIENT */;
/*!40101 SET CHARACTER_SET_RESULTS=@OLD_CHARACTER_SET_RESULTS */;
/*!40101 SET COLLATION_CONNECTION=@OLD_COLLATION_CONNECTION */;
/*!40111 SET SQL_NOTES=@OLD_SQL_NOTES */;

-- Dump completed on 2017-02-12 21:48:17
